Trajectory,Frame,x,y
1.0,0.0,464.479004,18.091066
1.0,3.0,464.148071,17.417095
1.0,5.0,464.370972,16.800091
1.0,6.0,464.280579,17.583298
1.0,9.0,464.581512,17.50292
2.0,0.0,345.305908,77.466682
2.0,1.0,345.128998,77.611771
2.0,2.0,345.105682,77.529587
2.0,3.0,344.612854,78.049278
2.0,4.0,344.865417,77.96859
2.0,8.0,345.303711,77.808464
2.0,9.0,344.511169,78.167862
2.0,10.0,345.23645,77.526184
2.0,11.0,345.555359,77.453918
2.0,12.0,345.323639,77.68882
2.0,13.0,345.237579,77.243637
2.0,15.0,344.751221,78.039772
2.0,19.0,345.045868,78.032356
2.0,22.0,345.403137,77.678154
2.0,23.0,345.525482,77.628662
2.0,25.0,345.27536,77.818832
2.0,26.0,344.008636,78.686852
2.0,28.0,345.354065,77.416122
2.0,29.0,345.365387,77.519768
2.0,30.0,345.242584,78.116974
2.0,31.0,344.755066,78.165489
2.0,32.0,345.278687,77.425888
2.0,33.0,344.584473,78.13414
2.0,34.0,345.429504,77.657303
2.0,35.0,344.572632,77.960693
2.0,36.0,344.719574,77.955078
2.0,37.0,344.976776,77.918297
3.0,0.0,297.617126,363.94046
3.0,1.0,299.175995,364.597595
4.0,0.0,292.923279,387.823395
4.0,1.0,294.754272,389.552307
4.0,2.0,292.980042,388.150146
4.0,3.0,292.402924,386.32608
4.0,4.0,294.901825,386.951324
4.0,5.0,299.022644,385.515747
4.0,6.0,300.350677,383.987244
4.0,7.0,300.715302,384.561371
4.0,8.0,304.260834,385.289825
4.0,9.0,304.145477,382.319519
4.0,10.0,302.402344,381.573425
4.0,11.0,301.39325,381.018341
4.0,12.0,300.552795,382.93042
4.0,13.0,302.645966,381.787476
4.0,14.0,302.718109,381.589874
4.0,15.0,302.180115,380.307861
4.0,16.0,301.994141,380.595398
4.0,17.0,300.499207,378.543488
4.0,18.0,300.330048,376.348114
4.0,19.0,300.394531,376.309937
4.0,20.0,302.344086,376.103363
4.0,21.0,300.716492,377.124481
4.0,22.0,301.665955,375.848816
4.0,23.0,302.030396,373.855438
4.0,24.0,302.271057,374.659515
4.0,25.0,301.715057,372.280304
4.0,26.0,302.643646,373.08728
4.0,27.0,301.357239,371.389954
4.0,28.0,302.066467,369.259949
4.0,29.0,299.045227,364.84845
4.0,31.0,304.120361,372.384644
4.0,32.0,306.07373,369.609589
4.0,33.0,308.040009,371.497803
4.0,34.0,305.719574,372.682922
4.0,35.0,304.547852,373.688293
4.0,36.0,306.349182,376.119476
4.0,37.0,306.558807,375.817139
4.0,38.0,306.619598,374.048309
4.0,39.0,307.60675,374.712921
4.0,40.0,307.847931,376.127197
4.0,41.0,307.662903,376.834106
4.0,42.0,309.178131,375.786987
4.0,43.0,307.818298,374.838409
4.0,44.0,307.138611,372.816467
4.0,45.0,305.477325,374.273651
4.0,46.0,305.645447,374.192902
4.0,47.0,307.168274,373.611481
4.0,48.0,308.643494,373.40213
4.0,49.0,310.362732,376.387543
4.0,50.0,311.235718,375.649506
4.0,51.0,311.778503,375.967072
4.0,52.0,313.427124,375.781616
4.0,53.0,311.549805,375.206177
4.0,54.0,313.695068,376.190643
4.0,55.0,316.41449,378.463898
4.0,56.0,316.717712,379.595673
4.0,57.0,315.93396,379.700104
4.0,58.0,316.397186,379.526093
4.0,61.0,316.227936,379.851349
4.0,62.0,315.468292,379.167694
4.0,63.0,313.789032,376.524811
4.0,64.0,314.122284,375.580017
4.0,65.0,315.521881,376.448853
4.0,66.0,314.895416,376.297791
4.0,67.0,314.085938,379.376099
4.0,68.0,318.346497,381.285889
4.0,69.0,320.492401,381.59082
4.0,70.0,323.606232,378.694763
4.0,71.0,324.537994,374.747559
4.0,72.0,322.495331,374.917297
4.0,73.0,320.590454,375.318268
4.0,74.0,322.24881,377.15741
4.0,75.0,324.515381,377.642487
4.0,76.0,323.05603,378.658173
4.0,77.0,321.7146,377.630249
4.0,78.0,321.604431,376.924652
5.0,0.0,507.717743,412.592224
5.0,1.0,508.630951,413.096497
5.0,2.0,508.626587,412.539093
5.0,3.0,507.69574,412.876862
5.0,4.0,508.422455,413.212433
5.0,5.0,508.223541,412.741058
5.0,6.0,507.794952,413.405334
5.0,7.0,507.021301,413.377747
5.0,8.0,507.671204,412.762512
5.0,9.0,507.989838,412.614746
5.0,10.0,507.798584,413.423737
5.0,11.0,507.882202,413.300201
5.0,12.0,508.080109,413.53714
5.0,13.0,508.448547,412.363617
5.0,14.0,507.751495,412.727661
5.0,15.0,508.8396,411.922119
5.0,16.0,508.595001,412.504028
5.0,17.0,507.975677,412.544525
5.0,18.0,508.230133,412.675659
5.0,19.0,508.056152,412.53595
5.0,20.0,508.566711,412.568787
5.0,21.0,508.508484,412.615875
5.0,22.0,508.74704,412.746643
5.0,23.0,507.912781,412.850616
5.0,24.0,508.817169,412.715668
5.0,25.0,507.689758,412.676147
5.0,26.0,508.258881,412.511993
5.0,27.0,507.703857,413.009491
5.0,28.0,507.996246,413.327087
5.0,29.0,508.381958,412.510956
5.0,30.0,507.949646,413.081146
5.0,31.0,508.546692,412.521881
5.0,32.0,508.7659,412.720062
5.0,33.0,508.817871,412.577942
5.0,34.0,507.816711,413.263916
5.0,35.0,507.789551,412.613861
5.0,36.0,507.95813,412.631836
5.0,37.0,508.586182,412.632721
5.0,38.0,508.315399,412.774017
5.0,39.0,508.32428,413.116364
5.0,40.0,508.514832,412.802124
5.0,41.0,508.393585,413.22821
5.0,42.0,508.116577,413.135315
5.0,43.0,508.694366,414.049408
5.0,44.0,508.52536,413.734589
5.0,45.0,508.262878,413.578766
5.0,46.0,507.89386,413.477631
5.0,47.0,508.633881,413.107849
5.0,48.0,508.018341,412.886536
5.0,49.0,508.341217,413.39267
5.0,50.0,507.827362,413.369507
5.0,51.0,508.489349,412.828583
5.0,52.0,507.968445,413.009003
5.0,53.0,507.52179,413.454498
5.0,54.0,509.058472,412.603546
5.0,55.0,508.286743,412.690826
5.0,56.0,508.538574,412.820831
5.0,57.0,509.329834,412.547272
5.0,58.0,508.074677,413.424988
5.0,59.0,507.863007,413.316254
5.0,60.0,508.318024,413.929108
5.0,61.0,508.262726,413.424713
5.0,62.0,508.844727,413.830994
5.0,63.0,508.655731,414.121796
5.0,64.0,508.323914,412.822815
5.0,65.0,507.990906,413.466095
5.0,66.0,508.471741,412.727081
5.0,67.0,509.297333,412.918762
5.0,68.0,508.802917,412.455139
5.0,69.0,508.455505,413.128387
5.0,70.0,507.849243,413.323303
5.0,71.0,508.618225,412.987946
5.0,72.0,508.766937,412.464661
5.0,73.0,508.307373,412.497864
5.0,74.0,508.493011,413.161255
5.0,75.0,508.210754,413.167114
5.0,76.0,509.207001,412.411163
5.0,77.0,508.997192,413.536743
5.0,79.0,509.387939,413.845306
5.0,80.0,508.854767,414.386475
5.0,81.0,508.907471,413.270813
5.0,82.0,508.153534,413.379486
5.0,83.0,507.730194,413.201843
5.0,84.0,507.686768,413.501709
5.0,85.0,507.996338,413.539642
5.0,86.0,508.125854,413.552002
5.0,87.0,508.419891,412.647766
5.0,88.0,508.730835,412.651184
5.0,89.0,508.277863,413.271393
5.0,90.0,508.475647,413.924316
5.0,91.0,508.291168,413.138702
5.0,92.0,508.657501,412.961395
5.0,93.0,508.264465,412.623352
5.0,94.0,508.831421,413.856842
5.0,95.0,508.818665,413.989807
5.0,96.0,507.763306,413.274078
5.0,97.0,508.340698,413.480408
5.0,98.0,508.335052,413.717438
5.0,99.0,508.606995,414.134674
5.0,100.0,508.426239,413.271362
5.0,101.0,508.81601,412.548431
5.0,102.0,507.845917,413.357849
5.0,103.0,508.758453,412.541351
5.0,104.0,508.438995,412.599518
5.0,106.0,508.501312,412.579407
5.0,107.0,508.536346,412.732056
5.0,108.0,508.264984,413.701172
5.0,109.0,508.826233,414.136383
5.0,110.0,507.936646,413.102875
5.0,111.0,507.923004,413.09259
5.0,112.0,508.272308,413.162018
5.0,113.0,508.793396,412.702972
5.0,114.0,508.384674,413.085175
5.0,115.0,508.84082,412.620453
5.0,116.0,509.140839,412.54007
5.0,117.0,508.829773,412.527771
5.0,118.0,508.693207,411.997375
5.0,119.0,509.105042,412.676849
5.0,120.0,508.46167,412.410614
5.0,121.0,507.86377,413.412811
5.0,122.0,508.632721,413.557404
5.0,123.0,508.794312,413.928223
5.0,124.0,509.333435,413.759186
5.0,125.0,509.255524,413.709717
5.0,126.0,508.695496,413.841675
5.0,127.0,508.647552,413.683105
5.0,128.0,508.858215,413.784912
5.0,129.0,508.756958,413.82663
5.0,130.0,509.086151,413.563446
5.0,131.0,508.712646,414.080078
5.0,132.0,508.769043,413.996613
5.0,133.0,508.977264,413.67865
5.0,134.0,509.429749,413.496216
5.0,135.0,509.588409,413.360901
5.0,136.0,508.859467,412.584076
5.0,137.0,508.678223,413.460663
5.0,138.0,509.206482,414.104156
5.0,139.0,508.660828,412.708191
5.0,140.0,508.723511,412.758881
5.0,141.0,508.722961,412.632599
5.0,142.0,508.909393,412.468597
5.0,143.0,507.604126,413.24649
5.0,144.0,508.582245,412.654388
5.0,146.0,508.977753,414.141937
5.0,147.0,508.909821,414.286469
5.0,148.0,508.856995,414.122131
5.0,149.0,508.820679,413.732239
5.0,150.0,508.720978,414.079346
5.0,151.0,508.803955,413.725128
5.0,152.0,508.780151,413.914764
5.0,153.0,509.237335,413.432861
5.0,154.0,508.766388,414.225586
5.0,155.0,508.972748,413.4711
5.0,156.0,508.31958,413.171997
5.0,157.0,509.141327,412.366669
5.0,158.0,508.509369,412.59375
5.0,159.0,508.251862,412.66214
5.0,160.0,509.294952,414.146484
5.0,161.0,508.991943,413.382538
5.0,162.0,509.005646,413.545929
5.0,163.0,508.75647,412.994873
5.0,164.0,509.334381,413.395752
5.0,165.0,508.610504,413.715271
5.0,166.0,508.803467,413.573151
5.0,167.0,508.770477,414.054382
5.0,168.0,508.859161,413.994263
5.0,169.0,509.259796,413.830383
5.0,170.0,509.132477,413.730865
5.0,171.0,509.044281,414.080017
5.0,172.0,509.13443,413.921722
5.0,173.0,509.12738,413.737213
5.0,174.0,508.630951,414.16507
5.0,175.0,508.78952,413.87149
5.0,176.0,509.056549,414.273407
5.0,177.0,509.038239,414.200806
5.0,178.0,508.889954,413.315674
5.0,179.0,508.910126,412.951691
5.0,180.0,508.514557,412.499298
5.0,181.0,507.929779,412.747772
5.0,182.0,508.396362,412.739197
5.0,183.0,509.145996,412.398651
5.0,184.0,508.598938,413.001373
5.0,185.0,508.251129,413.722473
5.0,186.0,508.521393,414.180634
5.0,187.0,509.284943,413.184448
5.0,188.0,508.755798,412.460144
5.0,189.0,507.730682,412.837036
5.0,190.0,507.838348,413.090332
5.0,191.0,508.259613,413.532806
5.0,192.0,508.712921,413.175262
5.0,193.0,508.394714,413.613068
5.0,194.0,508.770691,414.250916
5.0,195.0,508.36554,413.960846
5.0,196.0,507.91806,413.364838
5.0,197.0,508.631287,412.736237
5.0,198.0,508.550598,412.99408
5.0,199.0,508.192871,413.477234
5.0,200.0,508.699493,414.23822
5.0,201.0,508.406982,413.856598
5.0,202.0,507.904846,413.717041
5.0,203.0,509.331146,413.634796
5.0,204.0,508.988129,414.154175
5.0,205.0,508.478516,414.074158
5.0,206.0,507.641205,413.40918
5.0,207.0,508.100525,412.902405
5.0,208.0,508.53299,414.042542
5.0,209.0,509.063324,414.155182
5.0,210.0,508.572388,414.2789
5.0,211.0,508.66745,413.813049
5.0,212.0,508.823883,413.929626
5.0,213.0,508.420837,414.160858
5.0,214.0,508.171265,413.020935
5.0,215.0,508.669983,412.635925
5.0,216.0,507.954712,413.453522
5.0,217.0,508.576843,413.530884
5.0,218.0,507.947388,413.543121
5.0,219.0,507.792877,413.263672
5.0,220.0,508.358154,413.110718
5.0,221.0,508.615631,413.847198
5.0,222.0,508.930176,413.863678
5.0,223.0,508.64978,413.908325
5.0,224.0,508.290894,413.713379
5.0,225.0,507.729095,413.407562
5.0,226.0,508.196075,413.081146
5.0,227.0,507.912323,413.462677
5.0,228.0,507.864075,412.958344
5.0,229.0,508.243103,413.70108
5.0,230.0,508.98941,414.334656
5.0,231.0,508.432983,414.039001
5.0,232.0,508.639862,413.362976
5.0,233.0,508.938812,412.933716
6.0,1.0,298.401123,366.18866
6.0,5.0,297.090637,366.243073
6.0,8.0,296.880585,364.811279
6.0,9.0,299.189636,364.956635
6.0,10.0,299.950378,365.575958
6.0,11.0,299.173187,366.24884
6.0,13.0,299.010925,367.013123
6.0,14.0,297.548553,366.122955
6.0,16.0,296.950531,366.946289
6.0,17.0,297.737732,365.4133
6.0,18.0,297.713501,366.129486
6.0,19.0,298.353699,366.051727
6.0,20.0,297.841064,365.346558
6.0,23.0,298.58905,364.765228
6.0,24.0,299.105408,365.346771
6.0,26.0,299.243591,364.085541
6.0,27.0,300.078583,364.716736
7.0,4.0,488.071411,253.50499
7.0,5.0,488.84259,253.32074
8.0,7.0,290.235016,59.334045
8.0,11.0,290.253845,58.82214
9.0,14.0,494.849854,67.269722
9.0,16.0,494.753113,67.448997
10.0,14.0,298.368134,364.095642
10.0,15.0,297.793457,364.790283
11.0,16.0,315.391724,281.878632
11.0,17.0,315.802643,282.461334
11.0,20.0,315.373199,277.592834
12.0,17.0,490.555847,298.881531
12.0,18.0,490.372864,298.658539
13.0,20.0,299.171143,365.496521
13.0,21.0,299.153015,365.474426
14.0,21.0,416.450317,223.373383
14.0,22.0,416.811249,223.126495
15.0,25.0,223.513824,28.21693
15.0,26.0,223.299881,28.656519
16.0,25.0,400.159668,133.066757
16.0,29.0,396.557465,121.768372
17.0,27.0,296.872711,364.606506
17.0,29.0,297.860565,365.566711
17.0,30.0,296.973419,366.173492
17.0,31.0,299.156525,364.935272
17.0,32.0,297.785126,365.479156
17.0,33.0,297.811829,365.455536
17.0,34.0,299.127991,365.017365
17.0,35.0,297.835876,366.109711
17.0,36.0,299.143372,364.766785
17.0,38.0,298.336853,364.778961
17.0,39.0,300.01886,365.301819
17.0,42.0,299.245758,365.552216
17.0,44.0,296.816467,365.433075
17.0,46.0,297.99176,364.067505
17.0,49.0,297.737213,365.64444
17.0,51.0,296.868225,365.347687
17.0,52.0,298.495178,364.752014
17.0,53.0,297.05365,364.759674
17.0,54.0,299.187012,364.829712
17.0,55.0,297.757141,365.585266
17.0,56.0,299.058105,366.166748
17.0,57.0,299.00592,366.028992
17.0,58.0,299.304626,364.89743
17.0,59.0,298.982819,366.137848
17.0,60.0,298.511963,367.995911
17.0,61.0,299.520813,366.95163
17.0,62.0,299.233124,365.036011
17.0,63.0,299.231934,364.74939
17.0,66.0,298.528656,364.736572
17.0,67.0,298.267273,364.838043
17.0,68.0,298.229462,364.904266
17.0,69.0,298.396729,366.206024
17.0,70.0,298.011292,366.173553
17.0,71.0,299.264374,365.65152
17.0,72.0,298.473267,366.169373
17.0,73.0,300.243958,364.866974
17.0,74.0,297.859589,364.7258
17.0,75.0,299.267151,364.983368
17.0,76.0,299.288971,364.910461
17.0,77.0,298.444214,365.361267
17.0,78.0,298.257721,364.973328
17.0,79.0,298.423553,365.705597
17.0,80.0,298.404358,365.545197
17.0,81.0,297.836212,364.89328
17.0,84.0,299.10556,364.905548
17.0,85.0,298.380737,365.544281
17.0,86.0,299.015015,365.562958
17.0,87.0,297.762085,364.806
17.0,88.0,298.235992,365.333344
17.0,89.0,298.436371,365.254761
17.0,90.0,298.483826,366.00351
17.0,91.0,299.27301,366.150391
17.0,92.0,298.959259,365.4841
17.0,93.0,298.933105,365.499451
17.0,94.0,299.229645,365.521118
17.0,95.0,299.250519,365.71817
17.0,96.0,299.294678,366.194824
17.0,98.0,299.165894,365.468567
17.0,99.0,299.217987,365.630676
17.0,100.0,298.368286,365.511536
17.0,101.0,298.216522,366.033875
17.0,102.0,298.562103,366.900208
17.0,105.0,299.208099,366.017029
17.0,106.0,298.530426,365.633759
17.0,107.0,297.800232,364.914795
17.0,108.0,297.815277,365.600861
17.0,109.0,298.148834,365.582855
17.0,110.0,297.759247,365.054138
17.0,111.0,299.198364,365.590515
17.0,112.0,297.799896,366.10025
17.0,113.0,298.257843,366.232574
17.0,114.0,298.657043,365.458405
17.0,115.0,299.046265,366.108521
17.0,118.0,298.569519,366.042236
17.0,119.0,297.71225,365.517273
17.0,120.0,297.861267,365.305634
17.0,121.0,297.978119,365.018738
17.0,122.0,298.366119,366.223663
17.0,123.0,298.339081,365.024109
17.0,124.0,299.085724,364.888092
17.0,125.0,299.001526,365.339783
17.0,126.0,299.012451,365.561829
17.0,127.0,299.211853,364.998566
17.0,128.0,298.592499,364.65329
17.0,129.0,297.81958,365.67041
17.0,130.0,297.886658,365.758301
17.0,131.0,297.863068,366.437103
17.0,132.0,298.555054,366.036041
17.0,133.0,298.334808,365.964783
17.0,134.0,297.826233,364.991302
17.0,135.0,298.286438,364.083466
17.0,136.0,298.354523,365.60733
17.0,137.0,298.941223,365.347778
17.0,138.0,298.333374,366.214142
17.0,140.0,298.550842,365.645691
17.0,141.0,297.65683,365.478485
17.0,142.0,297.462921,365.445526
17.0,143.0,298.286438,365.448029
17.0,144.0,299.109894,364.767029
17.0,145.0,299.212982,365.589203
17.0,146.0,298.524658,365.621063
17.0,147.0,297.957275,365.400055
17.0,148.0,298.355408,365.444
17.0,149.0,298.386505,365.499207
17.0,150.0,298.416107,365.485321
17.0,151.0,298.119446,365.200562
17.0,153.0,298.263641,365.669434
17.0,154.0,297.824493,365.321564
17.0,155.0,297.924255,364.907104
17.0,156.0,298.504578,365.7211
17.0,157.0,298.290802,364.983154
17.0,158.0,298.233948,365.581696
17.0,159.0,298.515076,365.336548
17.0,160.0,297.82785,365.55896
17.0,161.0,299.13855,364.980865
17.0,162.0,297.97287,365.0177
17.0,163.0,299.152039,365.344177
17.0,164.0,298.268524,364.894287
17.0,165.0,298.270294,364.94812
17.0,166.0,298.352448,365.959015
17.0,167.0,298.415649,366.065582
17.0,168.0,298.281281,365.385925
17.0,169.0,298.060364,365.469879
17.0,170.0,298.296967,364.745117
17.0,171.0,297.778046,366.094299
17.0,172.0,299.039398,365.589661
17.0,173.0,299.039856,365.598541
17.0,174.0,298.471893,364.895569
17.0,175.0,299.069031,365.468628
17.0,176.0,298.622467,365.894104
17.0,177.0,298.356812,365.669769
17.0,178.0,298.350403,365.63031
17.0,179.0,298.985687,365.465607
17.0,180.0,299.066132,365.525909
17.0,181.0,298.631714,364.91983
17.0,182.0,298.515472,366.231812
17.0,183.0,299.029419,365.578094
17.0,184.0,298.413727,365.550262
17.0,185.0,298.986908,365.958527
17.0,186.0,297.777283,365.034393
17.0,187.0,298.510559,365.620392
17.0,188.0,298.401031,365.562408
17.0,189.0,299.11084,365.70694
17.0,191.0,299.18161,365.523346
17.0,192.0,297.725464,366.180084
17.0,193.0,298.180695,365.011292
17.0,194.0,298.304626,365.674835
17.0,195.0,298.669495,364.835358
17.0,196.0,298.482208,365.437134
17.0,197.0,298.930969,365.447113
17.0,198.0,298.568604,365.544891
17.0,199.0,298.435059,366.152618
17.0,200.0,298.365295,365.560272
17.0,201.0,298.126312,365.500671
17.0,202.0,298.353149,365.304779
17.0,203.0,298.602509,365.38678
17.0,204.0,298.215118,365.649109
17.0,205.0,298.472412,365.541809
17.0,206.0,297.772736,366.245758
17.0,207.0,297.665649,365.565918
17.0,208.0,298.184784,366.226929
17.0,209.0,298.518097,365.578735
17.0,210.0,298.122009,365.914215
17.0,211.0,299.14682,365.605103
17.0,212.0,298.51651,364.933746
17.0,213.0,298.40036,364.805481
17.0,214.0,297.855011,364.842712
17.0,215.0,298.932953,364.768829
17.0,216.0,297.787354,364.971008
17.0,217.0,298.254364,365.214752
17.0,218.0,298.587494,365.350433
17.0,219.0,299.01532,366.342407
17.0,220.0,298.459808,365.272125
17.0,221.0,297.927307,365.086212
17.0,222.0,298.461212,365.551239
17.0,223.0,298.547272,365.606781
17.0,224.0,299.206116,365.53949
17.0,225.0,298.58493,365.986603
17.0,226.0,298.557343,365.355072
17.0,227.0,298.430878,365.587189
17.0,228.0,298.323425,365.660278
17.0,229.0,299.912628,365.710907
17.0,230.0,298.452545,366.053131
17.0,231.0,298.997162,365.697052
17.0,232.0,298.360504,366.161377
17.0,233.0,299.052277,365.80365
17.0,234.0,299.986084,365.051483
17.0,235.0,297.837616,364.984009
17.0,236.0,297.920563,365.557373
17.0,237.0,297.930878,365.420013
17.0,238.0,297.884064,365.480377
17.0,239.0,299.053406,365.571808
17.0,240.0,298.412689,365.364349
17.0,241.0,299.006866,365.652496
17.0,242.0,298.36908,365.42453
17.0,243.0,296.900848,365.671844
17.0,244.0,298.211212,365.309509
17.0,245.0,297.63266,365.814484
17.0,246.0,298.314819,365.635193
17.0,247.0,298.358063,365.523468
17.0,248.0,298.420044,365.928009
17.0,249.0,297.904968,365.56369
17.0,250.0,298.975586,364.751251
17.0,251.0,299.024323,365.080841
17.0,252.0,298.431213,366.310699
17.0,253.0,298.36084,365.445557
17.0,254.0,298.651428,365.266388
17.0,255.0,297.938782,365.505768
17.0,256.0,297.930939,365.610046
17.0,257.0,299.434235,364.024567
17.0,258.0,297.836029,365.398315
17.0,259.0,298.367676,365.507996
17.0,260.0,298.442474,366.059235
17.0,261.0,298.436432,365.455261
17.0,262.0,298.256409,365.651031
17.0,263.0,298.318787,365.498474
17.0,264.0,298.286224,365.998169
17.0,265.0,297.76651,364.735413
17.0,266.0,298.43988,365.416748
17.0,267.0,298.133209,366.106964
17.0,268.0,298.57486,365.939697
17.0,269.0,298.498962,364.884705
17.0,270.0,298.46698,364.726837
17.0,271.0,297.984924,365.456238
17.0,272.0,297.97113,366.21579
17.0,273.0,299.14679,364.967072
17.0,274.0,299.208282,365.390564
17.0,275.0,298.558685,366.210602
17.0,276.0,299.122986,365.582947
17.0,277.0,299.165863,365.570465
17.0,278.0,298.960449,364.879944
17.0,279.0,298.04422,365.318481
17.0,281.0,298.541138,366.262177
17.0,282.0,298.349274,365.322449
17.0,283.0,299.314148,365.613983
17.0,284.0,298.439423,365.274902
17.0,285.0,298.319366,365.489227
17.0,286.0,298.328857,365.641907
17.0,287.0,297.718628,365.440735
17.0,288.0,297.888733,366.161041
17.0,289.0,299.042053,365.45639
17.0,290.0,298.384216,365.685455
17.0,291.0,298.944824,365.431244
17.0,292.0,298.446014,364.577057
17.0,293.0,298.591003,366.174866
17.0,294.0,298.238525,365.457153
17.0,295.0,298.389557,365.71106
17.0,296.0,297.690247,365.698608
17.0,297.0,298.384277,365.609283
17.0,298.0,298.560425,365.56308
17.0,299.0,298.940216,365.48587
17.0,300.0,298.536499,365.423584
17.0,301.0,298.400848,365.665497
17.0,302.0,298.956543,366.250671
17.0,303.0,297.751617,365.725494
17.0,304.0,298.157745,366.239929
17.0,305.0,298.08844,366.146973
17.0,306.0,298.372101,364.742065
17.0,307.0,299.228119,364.894958
17.0,308.0,298.326721,365.48172
17.0,309.0,298.608551,366.201904
17.0,310.0,298.320221,365.163635
17.0,311.0,297.794189,366.047546
17.0,312.0,298.235687,367.054199
18.0,34.0,299.19165,44.362549
18.0,35.0,298.740173,44.453381
19.0,41.0,375.621216,287.554962
19.0,45.0,360.302246,289.744934
20.0,45.0,435.777985,52.693233
20.0,49.0,452.2789,38.580513
21.0,46.0,459.459625,239.976578
21.0,49.0,459.341187,240.364197
21.0,50.0,459.701111,239.58107
21.0,51.0,459.531738,240.228745
21.0,52.0,459.687469,240.253632
21.0,55.0,459.381927,239.641663
22.0,46.0,299.256989,365.95871
22.0,47.0,298.389862,366.112701
22.0,48.0,299.240112,364.694366
22.0,49.0,299.262695,364.907715
23.0,53.0,470.618256,122.624603
23.0,54.0,470.681335,122.741028
24.0,60.0,299.202698,364.060486
24.0,61.0,298.527893,364.766449
24.0,62.0,296.933319,365.609406
24.0,63.0,299.108063,367.117737
24.0,65.0,298.395905,367.082031
25.0,61.0,509.892426,258.655029
25.0,64.0,510.183624,258.759277
26.0,69.0,347.505219,189.8564
26.0,71.0,347.034698,189.389023
27.0,71.0,474.638458,74.576714
27.0,75.0,462.518494,66.240288
28.0,76.0,280.843475,18.589605
28.0,77.0,280.603638,18.175686
29.0,77.0,314.218842,381.290771
29.0,81.0,299.027557,367.043121
29.0,82.0,298.943878,366.29425
29.0,83.0,298.497162,366.232788
30.0,78.0,374.139862,279.65387
30.0,82.0,366.960144,269.557129
31.0,79.0,324.739868,239.177246
31.0,80.0,324.576324,239.931702
31.0,81.0,324.760132,239.451065
31.0,82.0,324.142151,239.089966
31.0,83.0,323.828461,239.244156
31.0,87.0,324.350677,239.572433
31.0,88.0,324.210419,239.204437
31.0,89.0,324.627228,239.4664
32.0,91.0,299.286407,364.777069
32.0,94.0,297.798492,364.870789
32.0,96.0,298.631012,364.839569
32.0,97.0,298.914703,364.611084
33.0,92.0,376.167603,378.212341
33.0,93.0,376.519257,377.555756
34.0,98.0,264.559021,71.349541
34.0,99.0,264.360229,70.919662
34.0,100.0,263.927429,70.987381
35.0,99.0,323.169464,483.81012
35.0,100.0,323.376465,484.651093
36.0,100.0,324.704834,239.447662
36.0,101.0,324.732666,239.141098
36.0,102.0,324.393524,239.110138
36.0,103.0,324.508484,239.875656
36.0,104.0,324.494141,239.144272
36.0,105.0,324.522766,239.057617
37.0,101.0,317.719482,379.611847
37.0,102.0,316.366516,381.167145
37.0,103.0,316.195892,379.689423
37.0,104.0,315.805664,380.143127
37.0,105.0,316.187622,379.878052
37.0,106.0,316.813629,377.877472
37.0,107.0,317.517822,377.697815
37.0,108.0,315.770752,378.547729
37.0,109.0,313.149109,377.900482
37.0,110.0,310.382507,378.644745
37.0,111.0,309.452576,378.212219
37.0,112.0,308.516602,378.809418
37.0,113.0,305.623657,377.528748
37.0,114.0,304.06189,377.887726
37.0,115.0,302.943542,379.281006
37.0,116.0,301.091034,382.295166
38.0,102.0,298.95108,364.945953
38.0,103.0,299.057648,365.58493
38.0,104.0,299.343933,365.0495
39.0,110.0,374.324524,161.45134
39.0,113.0,375.525024,165.134781
40.0,111.0,367.222198,394.937042
40.0,112.0,367.443634,394.787109
40.0,113.0,367.39032,394.894318
40.0,114.0,367.433563,394.732605
40.0,116.0,367.652222,394.684692
40.0,117.0,367.451782,394.709595
40.0,118.0,367.462952,394.924988
40.0,119.0,367.404236,394.859924
40.0,120.0,366.738678,394.911865
40.0,121.0,366.711914,394.466888
41.0,115.0,297.094238,365.569031
41.0,116.0,297.823151,365.573547
41.0,117.0,297.833191,365.423462
42.0,123.0,493.817902,72.368546
42.0,126.0,480.881409,64.777954
43.0,126.0,435.331085,52.144409
43.0,130.0,441.482788,34.225128
44.0,131.0,451.65332,124.35923
44.0,132.0,451.458984,123.99575
45.0,133.0,312.161102,201.306931
45.0,134.0,307.908081,200.899597
46.0,135.0,304.145294,215.100372
46.0,136.0,306.696045,214.502014
47.0,136.0,400.679596,171.10672
47.0,137.0,400.543304,171.279099
47.0,138.0,400.654846,171.242172
47.0,139.0,401.050842,170.860184
48.0,138.0,297.623474,364.817291
48.0,139.0,298.452362,364.969391
49.0,143.0,392.341064,484.487274
49.0,145.0,384.404083,478.03476
50.0,148.0,434.46936,52.495358
50.0,150.0,435.688354,52.653862
51.0,149.0,280.604553,18.602476
51.0,152.0,279.894501,18.405207
51.0,156.0,280.52066,17.600758
51.0,158.0,281.20166,18.023994
52.0,149.0,292.307709,57.165154
52.0,152.0,302.809357,68.023521
52.0,155.0,298.482086,80.280518
53.0,150.0,475.129059,508.48407
53.0,152.0,474.891174,508.624115
54.0,151.0,432.244537,142.833008
54.0,155.0,449.620667,151.581223
54.0,159.0,433.968933,141.393311
55.0,157.0,289.639374,205.483963
55.0,159.0,289.183838,197.840836
55.0,161.0,288.001617,190.780273
55.0,162.0,286.533722,191.778168
56.0,161.0,409.884644,81.043869
56.0,162.0,410.342224,81.261795
56.0,164.0,410.362579,81.783875
57.0,168.0,421.977386,184.449463
57.0,171.0,418.899323,198.086929
58.0,177.0,427.317993,414.779724
58.0,181.0,433.472717,395.498505
59.0,181.0,482.82486,169.027283
59.0,182.0,482.879333,168.592087
60.0,182.0,281.071777,18.966923
60.0,183.0,280.142944,18.530893
61.0,182.0,324.216248,239.438889
61.0,184.0,324.415192,238.539536
61.0,185.0,323.860809,239.14595
61.0,186.0,323.842651,239.227997
61.0,187.0,323.6091,238.601776
62.0,187.0,300.385742,395.687622
62.0,188.0,299.827881,394.463623
62.0,189.0,299.644714,394.239441
62.0,190.0,299.263153,392.338318
62.0,191.0,300.772766,390.116638
62.0,192.0,301.394501,389.371948
62.0,193.0,301.270782,390.275787
62.0,194.0,302.622498,393.688904
62.0,195.0,302.710876,393.738281
62.0,196.0,304.095398,394.415314
62.0,197.0,302.153809,394.173737
62.0,198.0,302.474884,393.468719
62.0,199.0,301.261292,395.430115
62.0,200.0,298.937714,393.728882
62.0,201.0,300.31369,396.370575
62.0,202.0,300.60553,395.366791
62.0,203.0,300.272736,395.726624
62.0,204.0,298.327759,393.984253
62.0,205.0,298.403442,393.433624
62.0,206.0,298.248505,394.0112
62.0,207.0,300.802307,392.96286
62.0,208.0,297.700073,392.633301
62.0,209.0,298.115051,391.211334
62.0,210.0,297.864532,389.381409
62.0,211.0,298.822968,388.383087
62.0,212.0,299.826935,388.527313
62.0,213.0,301.044586,390.204102
62.0,214.0,302.49527,390.51413
62.0,215.0,302.350159,393.610382
62.0,216.0,301.783356,393.955902
62.0,217.0,302.365204,395.829651
62.0,218.0,302.831085,393.520782
62.0,219.0,302.842316,392.750275
62.0,220.0,305.193695,391.558716
62.0,221.0,307.356049,391.344391
62.0,222.0,309.403168,391.562744
62.0,223.0,311.735352,391.364197
62.0,224.0,310.891724,391.566254
62.0,225.0,310.618073,390.568878
62.0,226.0,309.602539,392.032959
62.0,227.0,310.820862,392.642639
62.0,228.0,307.772949,388.774475
62.0,229.0,307.131409,389.41687
62.0,230.0,306.47757,391.207855
62.0,231.0,306.342865,390.494293
62.0,232.0,308.402954,391.591797
62.0,233.0,307.836792,392.299561
62.0,234.0,305.576477,393.351074
62.0,235.0,305.516022,392.762146
62.0,236.0,307.066315,393.780121
62.0,237.0,306.696655,392.191528
62.0,238.0,308.294708,391.579468
62.0,239.0,308.603271,394.227478
62.0,240.0,309.209229,393.082825
62.0,241.0,308.966064,393.117828
62.0,242.0,308.825531,394.648315
62.0,243.0,310.508331,394.488892
62.0,244.0,310.404663,395.61554
62.0,245.0,312.867828,397.547699
62.0,246.0,313.250488,397.71814
62.0,247.0,312.099945,398.354675
62.0,248.0,311.473724,400.805145
62.0,249.0,310.311401,400.183838
62.0,250.0,311.553406,397.760254
62.0,251.0,313.218231,398.870361
62.0,252.0,314.214752,399.72171
62.0,253.0,313.372742,399.353485
62.0,254.0,313.630554,400.391083
62.0,255.0,315.13913,401.621216
62.0,256.0,315.347656,399.372681
62.0,257.0,315.056671,399.651978
62.0,258.0,318.38623,402.462891
62.0,259.0,316.760864,403.631287
62.0,260.0,319.448212,403.415253
62.0,261.0,321.421661,404.281525
62.0,262.0,318.286377,404.518799
62.0,263.0,316.753204,404.084869
62.0,264.0,317.713867,402.846466
62.0,265.0,317.218872,402.490906
62.0,266.0,316.359467,404.582825
62.0,267.0,314.435699,403.63855
62.0,268.0,316.024536,405.312683
62.0,269.0,315.913757,404.883575
62.0,270.0,313.596191,405.934662
62.0,271.0,313.937927,405.615723
62.0,272.0,316.699707,405.932861
62.0,273.0,317.854584,406.125092
62.0,274.0,318.018524,405.760925
62.0,275.0,318.615967,405.960114
62.0,276.0,319.450836,404.566833
62.0,277.0,320.71286,403.329376
62.0,278.0,320.30899,405.146423
62.0,279.0,320.424438,407.011047
62.0,280.0,320.572876,406.007324
62.0,281.0,323.485779,401.677612
62.0,282.0,324.237183,399.722565
62.0,283.0,323.779022,399.563934
62.0,284.0,326.491669,398.525085
62.0,285.0,327.311584,397.531311
62.0,286.0,327.936035,396.969574
62.0,287.0,329.232788,394.868774
63.0,189.0,297.052094,365.652649
63.0,190.0,297.989258,365.74939
64.0,193.0,357.545532,74.057487
64.0,194.0,357.826538,74.369293
65.0,193.0,348.235138,89.179756
65.0,195.0,348.044403,89.332932
66.0,204.0,272.908997,224.586807
66.0,205.0,273.043732,224.19873
66.0,206.0,272.283997,224.982605
67.0,214.0,296.322906,24.358938
67.0,216.0,296.445526,24.230291
67.0,218.0,296.815002,24.744783
68.0,219.0,452.529633,2.721628
68.0,220.0,456.391724,2.611354
69.0,227.0,153.935043,222.778488
69.0,228.0,154.062149,223.02446
69.0,232.0,154.849075,222.705322
70.0,233.0,342.354279,107.987907
70.0,237.0,342.65683,108.359741
71.0,236.0,493.39444,101.7425
71.0,237.0,493.491577,102.533699
72.0,238.0,503.94104,196.368881
72.0,239.0,504.35907,195.998444
72.0,240.0,503.709686,195.967026
73.0,238.0,508.40564,412.769836
73.0,239.0,508.590637,413.593781
73.0,241.0,507.999084,413.193634
73.0,242.0,507.923004,413.108276
73.0,245.0,508.607239,412.738342
73.0,246.0,508.778687,412.876801
73.0,247.0,507.856079,412.483398
73.0,248.0,508.414368,413.069824
73.0,249.0,508.537628,413.698914
73.0,250.0,506.753632,412.549225
73.0,251.0,508.460602,412.602692
73.0,252.0,508.245758,413.499756
73.0,253.0,508.086121,413.243683
73.0,254.0,507.708557,412.876465
73.0,257.0,507.302917,414.035919
73.0,258.0,507.592224,413.516632
73.0,259.0,508.102783,413.651093
73.0,260.0,508.548645,413.437256
73.0,261.0,507.903137,413.733856
73.0,264.0,508.496185,414.742767
73.0,265.0,508.282776,414.302307
73.0,266.0,507.997559,412.946167
73.0,267.0,508.698212,413.199341
73.0,268.0,509.257172,413.98233
73.0,269.0,507.819855,414.566254
73.0,270.0,508.660461,413.803955
73.0,271.0,508.271881,413.24353
73.0,273.0,508.251038,413.227936
73.0,274.0,507.940186,413.91156
73.0,276.0,508.705719,413.987518
73.0,277.0,508.349792,414.045044
73.0,278.0,509.379944,413.882599
73.0,280.0,508.531403,414.025787
73.0,281.0,507.340179,413.58606
73.0,282.0,508.203064,413.187653
73.0,283.0,507.801849,413.154785
73.0,284.0,509.102173,413.502228
73.0,285.0,509.168701,413.14798
73.0,286.0,508.844635,413.210358
73.0,288.0,508.567932,413.436035
73.0,289.0,508.649811,414.216461
73.0,290.0,508.086426,413.288513
73.0,291.0,508.684631,413.241638
73.0,292.0,508.509552,412.601074
73.0,294.0,507.925964,413.329651
73.0,295.0,507.698853,412.697662
73.0,298.0,507.828705,413.474579
73.0,300.0,508.214447,413.709137
73.0,301.0,508.530609,414.0578
73.0,302.0,508.430878,413.91095
73.0,303.0,508.572418,413.798492
73.0,304.0,508.349518,413.457794
73.0,305.0,508.599487,413.224365
73.0,306.0,508.512268,412.729248
73.0,307.0,508.020691,413.718597
73.0,308.0,508.538666,413.891357
73.0,309.0,508.753021,414.181885
73.0,310.0,508.3573,413.099609
73.0,311.0,507.65152,413.559631
73.0,312.0,508.401031,413.695862
73.0,314.0,508.630371,414.482941
73.0,315.0,509.001373,414.276154
73.0,316.0,508.709106,414.020966
73.0,317.0,509.120148,414.197327
73.0,318.0,508.513184,414.142639
73.0,319.0,508.622742,414.108063
73.0,320.0,508.744537,414.244019
73.0,321.0,509.270966,414.453247
73.0,322.0,509.055328,414.503418
73.0,323.0,508.454773,413.723785
73.0,324.0,508.43219,413.807678
73.0,325.0,508.538391,413.830444
73.0,326.0,507.637024,412.948395
73.0,327.0,508.276093,413.71463
73.0,328.0,508.359314,414.332642
73.0,330.0,508.490601,413.94989
73.0,331.0,508.638702,413.821564
73.0,332.0,508.621155,413.759949
73.0,333.0,508.109283,413.820648
73.0,334.0,508.608002,414.188873
73.0,335.0,507.639618,414.211304
73.0,338.0,508.775208,413.759766
73.0,339.0,508.288055,413.702332
73.0,340.0,508.300964,413.471619
73.0,341.0,508.145935,413.336456
73.0,342.0,508.869843,414.313507
73.0,343.0,508.509613,414.099426
73.0,345.0,508.618622,414.072357
73.0,346.0,507.949524,414.117035
73.0,347.0,508.562958,414.264099
73.0,349.0,508.211578,413.699829
73.0,350.0,508.353729,414.268494
73.0,351.0,508.596619,414.141846
73.0,352.0,508.495667,412.647644
73.0,353.0,509.191284,413.643494
73.0,354.0,508.462158,412.594971
73.0,355.0,508.657867,413.389282
73.0,356.0,508.5466,414.347778
73.0,357.0,508.560303,414.306793
73.0,360.0,508.211212,413.592621
73.0,361.0,508.740265,413.695435
73.0,362.0,507.785187,413.775116
73.0,363.0,508.444214,413.823822
73.0,364.0,508.581268,414.221527
73.0,365.0,508.74649,413.729431
73.0,366.0,508.58136,414.424072
74.0,239.0,324.866272,373.610931
74.0,240.0,325.876923,373.22345
75.0,243.0,441.403076,302.092987
75.0,246.0,441.974579,301.986084
76.0,246.0,339.452148,80.76564
76.0,247.0,339.187622,80.489197
77.0,249.0,474.240662,275.00058
77.0,250.0,474.012085,274.596436
78.0,250.0,427.730377,382.309021
78.0,253.0,443.446198,390.633026
79.0,253.0,368.614075,255.058578
79.0,254.0,369.169434,255.559204
80.0,254.0,488.676392,196.862946
80.0,255.0,488.096344,196.172714
81.0,272.0,374.405609,54.372608
81.0,273.0,374.142426,54.152187
82.0,272.0,362.708099,332.878723
82.0,275.0,369.398621,344.493561
83.0,275.0,286.253784,149.742249
83.0,279.0,293.315155,165.766327
84.0,275.0,443.857056,389.565979
84.0,278.0,439.335327,383.508667
85.0,278.0,434.444427,52.998875
85.0,279.0,435.387604,51.504211
85.0,281.0,434.327942,52.175301
86.0,279.0,322.850128,56.654034
86.0,282.0,330.83902,71.360619
87.0,283.0,55.28014,63.744381
87.0,287.0,55.936668,64.63195
88.0,288.0,400.732178,27.527548
88.0,292.0,406.925812,35.240242
89.0,290.0,480.83197,152.17572
89.0,291.0,480.914764,151.650787
90.0,292.0,271.245361,154.364349
90.0,296.0,284.699371,138.599442
91.0,295.0,341.254089,82.12468
91.0,296.0,340.865875,82.106636
92.0,298.0,320.63916,90.232437
92.0,300.0,315.644623,86.714546
93.0,300.0,408.025024,0.863811
93.0,302.0,414.574982,5.750038
94.0,305.0,463.488251,233.664139
94.0,306.0,463.401947,233.318726
94.0,309.0,463.299622,233.69606
95.0,305.0,411.774719,506.193695
95.0,308.0,418.316803,509.684265
96.0,309.0,328.890198,169.981277
96.0,310.0,328.642456,169.722519
96.0,311.0,329.134674,170.655533
96.0,313.0,328.814026,170.215347
96.0,314.0,329.177643,170.136734
97.0,310.0,392.935669,119.479706
97.0,313.0,397.816193,114.445404
98.0,311.0,414.113617,19.495102
98.0,314.0,415.326385,33.936565
99.0,312.0,297.598175,364.693665
99.0,313.0,297.720154,365.55426
99.0,314.0,298.403564,365.623474
99.0,315.0,298.418701,365.67334
99.0,316.0,298.94812,364.890656
99.0,317.0,298.466858,366.189728
99.0,318.0,298.415619,366.370605
99.0,319.0,298.605347,364.800537
99.0,320.0,298.010925,366.259583
99.0,321.0,298.294525,365.53418
99.0,322.0,298.364807,366.045197
99.0,323.0,298.323334,365.564148
99.0,324.0,298.637817,366.280579
99.0,325.0,297.886749,365.536102
99.0,326.0,297.821991,364.751556
99.0,327.0,299.016907,365.008911
99.0,328.0,298.466492,364.964905
99.0,329.0,298.926331,366.142548
99.0,330.0,298.600067,365.511719
99.0,331.0,297.940948,365.528107
99.0,332.0,298.481232,366.12796
99.0,333.0,298.168274,366.344025
99.0,334.0,298.104156,366.282593
99.0,335.0,298.435516,366.944153
99.0,337.0,299.079987,365.666107
99.0,338.0,299.262268,365.926971
99.0,339.0,298.431152,365.638184
99.0,340.0,298.511627,365.71344
99.0,341.0,298.283295,366.130188
99.0,342.0,297.790649,365.382294
99.0,343.0,297.96109,364.944763
99.0,344.0,298.395569,365.250793
99.0,345.0,297.751923,365.474304
99.0,346.0,298.510651,365.330597
99.0,347.0,298.752014,364.778534
99.0,348.0,298.780853,365.276184
99.0,349.0,299.002686,365.736053
99.0,350.0,298.327362,365.461151
99.0,351.0,298.92981,365.871399
99.0,352.0,298.383026,366.204803
99.0,353.0,298.255737,364.712219
99.0,354.0,298.344879,365.774689
99.0,355.0,298.30368,366.182587
99.0,356.0,298.500916,364.866699
99.0,357.0,299.218781,365.429138
99.0,358.0,299.224609,364.929688
100.0,319.0,293.568787,174.60881
100.0,322.0,304.288879,178.204926
100.0,325.0,315.31601,188.037567
101.0,324.0,510.826385,377.855957
101.0,327.0,511.009644,393.252075
102.0,325.0,413.441803,362.544159
102.0,329.0,416.406097,384.099915
103.0,326.0,508.109436,44.948818
103.0,330.0,507.505066,63.300716
104.0,327.0,483.87558,248.43576
104.0,330.0,479.130035,264.626678
105.0,335.0,244.383621,26.508871
105.0,339.0,246.032867,28.739122
106.0,335.0,297.887024,364.992432
106.0,336.0,299.094666,365.539062
107.0,336.0,453.267944,42.352264
107.0,340.0,466.948364,55.219025
107.0,344.0,457.274475,62.55381
107.0,348.0,451.549225,63.745766
108.0,336.0,264.606537,44.327911
108.0,337.0,263.639221,44.622246
109.0,337.0,350.125366,70.425186
109.0,340.0,349.570618,70.023087
109.0,344.0,346.316833,67.58403
110.0,338.0,383.507721,169.422791
110.0,339.0,382.742249,169.628281
111.0,341.0,433.996735,428.492462
111.0,344.0,433.157135,428.609161
112.0,342.0,417.217041,335.108368
112.0,345.0,421.701721,352.36496
113.0,344.0,428.253448,249.299225
113.0,348.0,421.041077,241.737061
114.0,344.0,226.312698,325.421844
114.0,348.0,221.486588,324.765289
115.0,346.0,336.828522,143.127869
115.0,349.0,336.499847,143.320862
116.0,348.0,295.661621,83.389267
116.0,352.0,292.782166,92.513779
117.0,351.0,267.705353,232.322388
117.0,352.0,269.381287,236.546616
118.0,352.0,276.390991,235.968369
118.0,354.0,277.480072,241.545685
119.0,353.0,435.13559,52.565056
119.0,355.0,434.648651,52.408947
119.0,356.0,434.87088,52.518551
120.0,355.0,506.657104,314.629181
120.0,357.0,507.087921,314.595825
120.0,358.0,507.420563,313.655212
120.0,359.0,506.989685,313.817657
120.0,360.0,506.762299,314.079773
120.0,362.0,507.355835,313.813232
120.0,363.0,507.091217,314.450195
121.0,357.0,296.884644,366.267212
121.0,358.0,297.684174,365.623749
121.0,359.0,297.676605,366.116058
121.0,360.0,298.54129,367.01062
121.0,361.0,298.307495,365.629517
121.0,362.0,298.257477,366.240265
121.0,363.0,298.253021,365.237457
121.0,364.0,298.404602,365.068787
121.0,365.0,298.27951,364.946411
121.0,366.0,299.005096,366.2901
121.0,367.0,298.39502,365.2771
121.0,368.0,299.128876,365.74057
121.0,369.0,299.228668,366.945831
121.0,371.0,298.529175,366.29837
121.0,372.0,298.901367,366.129669
121.0,373.0,299.117767,365.56189
121.0,374.0,298.161987,365.361572
121.0,375.0,298.441711,366.520874
121.0,376.0,298.518372,366.160187
121.0,377.0,299.112091,364.823608
121.0,378.0,298.462524,365.729187
121.0,379.0,298.619751,365.674591
121.0,380.0,299.116028,365.490448
121.0,381.0,297.939545,365.725433
121.0,382.0,298.96521,365.528168
121.0,383.0,298.954956,365.04834
121.0,384.0,297.797882,365.512787
121.0,385.0,298.224884,365.86557
121.0,386.0,297.910156,366.030609
121.0,387.0,299.012512,365.50943
121.0,388.0,299.946106,366.142792
122.0,361.0,338.121643,154.412918
122.0,365.0,315.430328,147.539215
122.0,369.0,315.75238,147.121643
123.0,361.0,409.869202,311.55722
123.0,362.0,409.413849,311.658722
124.0,364.0,455.132568,83.502625
124.0,365.0,455.538177,83.441025
124.0,367.0,454.70343,83.256546
124.0,371.0,454.446167,83.426292
124.0,372.0,454.405701,82.912216
124.0,373.0,455.039948,82.813057
125.0,365.0,322.848083,0.783069
125.0,369.0,342.238251,1.364682
126.0,365.0,102.100708,181.691528
126.0,369.0,105.440109,168.332382
127.0,365.0,179.807922,434.745209
127.0,368.0,178.447571,437.469818
128.0,367.0,456.660675,127.602562
128.0,371.0,441.851196,122.497154
128.0,372.0,446.017273,121.366943
129.0,367.0,421.003815,399.020691
129.0,370.0,411.717957,385.49939
130.0,368.0,166.80278,78.004379
130.0,371.0,167.648926,76.501953
131.0,369.0,488.019348,269.979797
131.0,370.0,487.063049,270.099182
132.0,369.0,297.645233,364.840851
132.0,370.0,298.498505,365.601288
133.0,370.0,387.850677,400.18631
133.0,371.0,388.473297,399.830719
133.0,375.0,395.968048,377.591644
133.0,379.0,387.044891,399.804382
133.0,381.0,387.328827,399.691711
133.0,382.0,387.406616,399.720123
133.0,383.0,387.608582,399.73349
133.0,384.0,386.491608,399.797577
133.0,386.0,386.341064,399.598633
133.0,389.0,385.634766,399.82663
133.0,390.0,387.213745,400.29718
134.0,373.0,474.500793,84.902847
134.0,374.0,475.812775,84.942749
134.0,375.0,474.818848,84.712471
135.0,373.0,451.3862,295.78241
135.0,377.0,455.637573,317.572296
136.0,374.0,504.637451,294.855316
136.0,377.0,504.477356,282.084808
137.0,376.0,331.136169,137.237076
137.0,378.0,332.657745,137.021484
138.0,376.0,385.810333,399.903656
138.0,378.0,386.691406,399.288849
139.0,379.0,458.195496,32.479118
139.0,383.0,455.614319,31.639301
140.0,379.0,507.85202,413.846802
140.0,380.0,508.556396,414.077942
140.0,381.0,508.243683,413.886566
140.0,383.0,508.313812,413.727936
140.0,384.0,508.351959,413.644897
140.0,385.0,508.118652,414.094757
140.0,386.0,508.081512,413.452118
140.0,387.0,508.427856,413.328186
141.0,385.0,283.694153,167.029724
141.0,386.0,283.528198,167.450378
141.0,387.0,283.92038,166.95311
142.0,386.0,475.592316,85.697456
142.0,390.0,454.293335,82.882996
143.0,388.0,297.772827,364.824829
143.0,389.0,298.275787,364.952698
143.0,390.0,298.420593,365.645447
143.0,391.0,297.753448,366.056152
143.0,392.0,297.761108,364.699219
143.0,393.0,298.560059,365.521942
143.0,394.0,298.505432,365.325897
143.0,395.0,299.079498,365.513885
143.0,396.0,298.470734,365.503937
143.0,397.0,299.161346,366.18866
143.0,398.0,298.327118,365.659454
143.0,399.0,298.336029,365.187042
143.0,400.0,299.094238,365.574127
143.0,401.0,299.041595,364.883514
143.0,402.0,297.775574,365.407471
143.0,403.0,298.291534,365.54245
143.0,404.0,298.965363,364.799805
143.0,405.0,298.626801,366.303406
143.0,406.0,297.72702,364.979889
143.0,407.0,297.549011,365.398712
143.0,408.0,297.673309,365.400635
143.0,409.0,297.926025,365.722595
143.0,410.0,298.308228,365.869202
143.0,411.0,298.279388,365.527313
143.0,412.0,297.634888,365.69339
143.0,413.0,298.0448,365.867462
143.0,414.0,299.121826,365.073975
143.0,415.0,298.988647,364.934875
143.0,416.0,298.357819,366.227051
143.0,417.0,297.897675,365.609406
143.0,418.0,298.9375,365.440399
143.0,419.0,298.522461,365.457764
143.0,420.0,298.288635,366.059021
143.0,421.0,298.171051,366.03891
143.0,422.0,298.229614,365.711945
143.0,423.0,298.281952,365.741425
143.0,424.0,298.329681,366.01062
143.0,425.0,298.305115,366.207397
143.0,426.0,298.364166,364.91449
143.0,427.0,299.012299,365.088715
143.0,428.0,298.260498,365.791016
143.0,429.0,298.441528,364.825989
143.0,430.0,298.512604,365.341736
143.0,431.0,297.949463,365.005188
143.0,432.0,298.919983,366.311218
143.0,433.0,299.134033,364.992279
143.0,434.0,298.471649,364.983795
143.0,435.0,298.542999,366.180969
143.0,436.0,299.07959,364.764618
143.0,437.0,298.485687,365.573975
143.0,438.0,298.549713,364.98764
143.0,439.0,297.720062,365.291809
143.0,440.0,299.072906,365.283264
143.0,441.0,297.677856,364.743744
143.0,442.0,299.227325,365.51944
143.0,443.0,298.588989,365.499664
143.0,444.0,298.792358,365.13147
143.0,445.0,298.618164,366.436737
143.0,446.0,299.105804,366.057678
143.0,447.0,298.45224,364.872742
143.0,448.0,298.151428,364.560577
143.0,449.0,298.309784,364.953339
143.0,450.0,298.563782,364.836945
143.0,451.0,299.077911,364.797699
143.0,452.0,298.418915,365.422211
143.0,453.0,298.603088,364.665192
143.0,454.0,298.514771,365.028687
143.0,455.0,298.467285,365.02948
143.0,456.0,297.620972,364.774323
143.0,457.0,298.243439,364.756012
143.0,458.0,297.649323,365.074005
143.0,459.0,297.522888,366.089722
143.0,460.0,298.567291,364.956421
143.0,461.0,297.814392,364.662201
143.0,462.0,298.731903,365.619202
143.0,463.0,298.187897,364.752563
143.0,464.0,297.754822,365.1521
143.0,465.0,298.572815,365.093567
143.0,466.0,298.251984,364.724792
143.0,467.0,298.292145,364.616119
143.0,468.0,299.111115,365.255219
143.0,469.0,298.166779,365.178101
143.0,470.0,299.051941,365.397797
143.0,471.0,298.653717,365.387726
143.0,472.0,298.698029,364.776672
143.0,473.0,298.053345,364.80014
143.0,474.0,297.788147,365.435486
143.0,475.0,298.065979,365.443939
143.0,476.0,297.810791,364.914215
143.0,477.0,297.660675,366.230713
143.0,478.0,297.658752,365.251648
143.0,479.0,298.221985,365.086639
143.0,480.0,298.179321,364.765656
143.0,481.0,298.380737,365.103088
143.0,482.0,298.279938,365.339661
143.0,483.0,297.723633,365.443756
143.0,484.0,297.683319,366.305756
143.0,485.0,297.493408,366.359192
143.0,486.0,298.175842,365.850647
143.0,487.0,297.47287,366.211243
143.0,488.0,298.37735,364.865936
143.0,489.0,298.913239,364.911194
143.0,490.0,298.630981,365.632111
143.0,491.0,299.268372,365.820892
143.0,492.0,298.503876,363.869263
143.0,494.0,298.19101,365.268188
143.0,495.0,298.135956,365.705017
143.0,496.0,298.625885,364.851776
143.0,497.0,298.243073,364.704315
143.0,498.0,298.075989,365.286469
143.0,499.0,298.054718,364.85495
143.0,501.0,297.801025,365.629669
143.0,502.0,297.886475,364.705505
143.0,503.0,298.156372,365.207458
143.0,504.0,298.246338,364.681305
143.0,505.0,298.503143,364.723877
143.0,506.0,298.451172,364.988892
143.0,507.0,297.428314,364.593536
143.0,508.0,297.442749,365.590271
143.0,509.0,298.484863,366.967407
143.0,510.0,298.258484,366.312805
143.0,511.0,297.852295,366.532837
143.0,512.0,298.07431,365.897797
143.0,513.0,297.033569,365.543823
143.0,514.0,298.608246,366.123718
143.0,515.0,298.494843,366.41095
143.0,516.0,298.362549,366.330841
143.0,517.0,298.565918,365.819183
143.0,518.0,298.005768,365.40387
143.0,519.0,299.061249,365.893219
143.0,520.0,298.196777,364.987244
143.0,521.0,297.759308,365.464539
143.0,522.0,298.154724,365.409393
143.0,523.0,297.79184,365.519623
143.0,525.0,298.112274,366.422821
143.0,526.0,298.399017,366.320557
143.0,528.0,297.650726,364.925507
143.0,529.0,297.580444,366.183075
143.0,530.0,298.061615,365.336761
143.0,531.0,298.364685,366.436005
143.0,532.0,298.147034,366.277985
143.0,533.0,297.027435,365.338074
143.0,534.0,298.321045,366.273224
143.0,535.0,298.933441,366.046448
143.0,536.0,299.033875,366.212982
143.0,537.0,298.697723,366.22583
143.0,538.0,298.400085,364.978851
143.0,540.0,298.28241,365.031036
143.0,541.0,297.739197,364.873199
143.0,542.0,298.060638,365.807037
143.0,543.0,297.69632,366.318817
143.0,544.0,298.401245,366.081116
143.0,545.0,298.584534,365.233063
143.0,547.0,298.382965,364.613586
143.0,548.0,297.559906,364.957458
143.0,549.0,297.702026,364.94696
143.0,550.0,297.721039,364.919647
143.0,551.0,297.628723,364.60025
143.0,552.0,298.307312,364.911316
143.0,553.0,298.477386,365.199188
143.0,554.0,298.304962,366.364441
143.0,556.0,298.257629,366.57074
143.0,557.0,298.255341,366.443634
143.0,558.0,297.630157,365.71579
143.0,559.0,298.063416,366.071838
143.0,560.0,298.161316,365.896393
143.0,561.0,298.226837,365.475677
143.0,562.0,298.378967,365.67746
143.0,563.0,298.759216,365.395081
143.0,565.0,298.434906,365.401276
143.0,566.0,298.415527,364.784058
143.0,567.0,298.148315,365.348328
143.0,568.0,296.846039,366.461639
143.0,569.0,297.863892,365.073853
143.0,570.0,298.21405,365.559631
143.0,571.0,296.850342,365.576721
143.0,572.0,297.606079,364.401062
143.0,573.0,298.126526,365.051147
143.0,574.0,298.607056,366.398315
143.0,575.0,298.732635,365.364563
143.0,576.0,298.566925,364.650635
143.0,577.0,298.529968,365.587585
143.0,578.0,297.986847,365.618896
143.0,579.0,297.534546,364.992737
143.0,580.0,297.790009,366.311554
143.0,581.0,298.173157,365.671051
143.0,582.0,298.14978,366.049774
143.0,583.0,298.151093,365.713654
143.0,584.0,297.595245,366.208893
143.0,585.0,298.457458,366.53064
143.0,586.0,299.233765,365.794006
143.0,587.0,298.776093,366.338837
143.0,588.0,298.616364,366.412201
143.0,589.0,297.492828,365.923187
143.0,590.0,298.3349,366.086151
143.0,591.0,297.91806,365.585266
143.0,592.0,298.331329,366.288727
143.0,593.0,297.979675,366.266357
143.0,594.0,298.196167,365.689331
143.0,595.0,298.404541,363.97052
143.0,596.0,298.185211,365.435974
143.0,597.0,298.39978,365.627167
143.0,598.0,299.12381,365.573029
143.0,599.0,298.006622,365.582947
143.0,600.0,298.336731,365.323822
143.0,601.0,298.48233,365.377472
143.0,602.0,297.735626,364.85025
143.0,603.0,297.550995,365.472076
143.0,604.0,298.118652,364.456116
143.0,605.0,298.454102,366.073242
143.0,606.0,297.645905,365.385162
143.0,608.0,298.583893,364.55661
143.0,609.0,298.296082,365.727631
143.0,610.0,299.122864,366.316681
143.0,611.0,298.01709,365.029663
143.0,612.0,297.856049,364.901642
143.0,613.0,298.318695,365.304993
143.0,614.0,296.823181,365.330444
143.0,615.0,298.34787,365.587402
143.0,616.0,299.531342,366.706085
143.0,617.0,299.080505,366.064758
143.0,618.0,298.408325,366.374268
143.0,620.0,297.572449,365.14212
143.0,622.0,298.486877,365.221497
143.0,624.0,298.494812,366.302338
143.0,625.0,298.304626,366.580719
143.0,626.0,297.681946,365.502899
143.0,627.0,297.8013,366.289673
143.0,628.0,298.181702,364.749664
143.0,629.0,298.409698,364.982483
143.0,630.0,297.67981,364.714355
143.0,631.0,298.389191,364.708466
143.0,632.0,297.661743,364.910736
143.0,633.0,298.360382,364.814819
143.0,635.0,298.374054,365.376465
143.0,636.0,298.059082,365.585236
143.0,637.0,298.241699,365.017578
143.0,638.0,297.665924,365.222015
143.0,640.0,297.605347,365.199738
143.0,641.0,297.618011,365.45578
143.0,642.0,298.549927,366.297089
143.0,643.0,298.067169,366.479706
143.0,644.0,297.721863,366.651917
143.0,645.0,298.125488,365.755524
143.0,646.0,298.069183,365.665009
143.0,648.0,298.259521,366.09964
143.0,649.0,297.49231,364.688477
143.0,650.0,298.097839,366.252625
143.0,651.0,298.260834,365.570526
143.0,653.0,297.614655,365.628052
143.0,654.0,298.534637,366.996094
143.0,655.0,299.233002,366.57019
143.0,656.0,298.568024,366.072388
143.0,658.0,298.941711,366.508514
143.0,659.0,297.716553,365.063293
143.0,660.0,298.293518,366.022614
143.0,663.0,298.486023,366.093231
143.0,664.0,298.310791,366.525848
143.0,665.0,298.153564,366.381622
143.0,666.0,297.59201,366.515137
143.0,667.0,298.086731,365.468903
143.0,668.0,298.623169,365.673645
143.0,669.0,298.566528,364.946075
143.0,670.0,298.352173,365.820496
143.0,671.0,298.456238,366.507294
143.0,672.0,297.743378,366.223694
143.0,673.0,298.28772,364.77301
143.0,674.0,297.747437,365.458099
143.0,675.0,296.944763,365.60965
143.0,676.0,297.487396,364.700775
143.0,677.0,298.19696,365.471588
143.0,678.0,297.929169,364.601532
143.0,679.0,298.298798,365.454895
143.0,680.0,298.579407,367.231415
143.0,681.0,298.511749,366.321808
143.0,682.0,298.149292,365.338654
143.0,684.0,298.483337,365.663666
143.0,685.0,298.458862,365.908752
143.0,686.0,298.571442,365.68988
143.0,687.0,298.795197,365.937378
143.0,689.0,298.360504,366.344055
143.0,690.0,298.383698,366.219299
143.0,691.0,298.021881,365.50824
143.0,692.0,298.057831,366.1745
143.0,693.0,297.496429,365.049622
143.0,694.0,297.699615,365.714905
143.0,695.0,297.44928,365.39624
143.0,698.0,298.096161,365.588226
143.0,699.0,298.309753,364.812286
143.0,700.0,299.150787,364.467926
143.0,702.0,297.906555,366.621704
143.0,703.0,296.810699,364.871216
143.0,704.0,297.456238,365.295013
143.0,706.0,298.119934,365.578705
143.0,707.0,298.473663,366.586792
143.0,708.0,299.121887,365.553833
143.0,709.0,298.063385,364.96228
143.0,710.0,298.514679,364.739624
143.0,711.0,297.678406,365.511749
143.0,712.0,297.359894,365.631927
143.0,713.0,297.92334,366.292908
143.0,714.0,297.541443,366.934143
143.0,715.0,297.72876,367.043732
143.0,718.0,298.356262,366.247559
143.0,719.0,298.496124,366.535065
143.0,720.0,298.360992,366.520691
143.0,721.0,298.637665,366.263214
143.0,724.0,298.171753,365.226868
143.0,725.0,297.743866,365.027496
143.0,726.0,296.906342,366.479706
143.0,727.0,297.908844,366.014679
143.0,728.0,297.930176,365.631958
143.0,729.0,297.498871,365.644073
143.0,730.0,297.419952,364.88916
143.0,731.0,297.656494,365.952759
143.0,732.0,298.150787,365.545135
143.0,733.0,297.437592,364.885162
143.0,735.0,292.496887,369.43573
143.0,738.0,297.445953,365.546173
143.0,740.0,298.664154,366.336792
143.0,741.0,297.813721,365.950317
143.0,742.0,297.776276,365.678101
143.0,744.0,298.180481,365.292267
143.0,745.0,297.701569,365.341614
143.0,746.0,298.167572,366.203705
143.0,747.0,298.208282,365.968597
143.0,748.0,298.267639,367.009857
143.0,751.0,299.269745,366.475708
143.0,752.0,298.006897,366.914429
144.0,389.0,316.792389,12.94031
144.0,393.0,332.576721,19.209278
145.0,389.0,466.518372,292.379578
145.0,390.0,465.263428,290.811646
146.0,391.0,453.575043,98.627243
146.0,395.0,454.670013,84.08728
147.0,393.0,227.575623,53.614418
147.0,397.0,228.189362,54.622643
148.0,393.0,487.612549,221.800583
148.0,397.0,478.492706,202.274185
149.0,394.0,394.420044,67.618813
149.0,397.0,394.386963,59.711582
150.0,394.0,110.416504,209.565384
150.0,398.0,102.15345,223.63179
151.0,394.0,386.740967,373.553101
151.0,398.0,377.442627,388.10968
152.0,395.0,509.060181,414.320862
152.0,396.0,508.362305,414.432098
152.0,397.0,508.294495,413.846069
152.0,398.0,507.752258,414.242828
152.0,399.0,508.131256,413.578583
152.0,400.0,508.57605,413.527832
152.0,401.0,508.363129,414.264709
152.0,402.0,508.092224,413.389954
152.0,403.0,507.9646,413.300903
152.0,404.0,507.629669,413.371613
152.0,405.0,508.328278,413.06958
152.0,406.0,509.062012,412.923492
152.0,407.0,508.475708,413.660248
152.0,408.0,508.540619,414.228821
152.0,409.0,508.189545,413.275177
152.0,410.0,507.597473,412.815552
152.0,411.0,508.919434,414.65097
152.0,414.0,508.232208,413.700195
152.0,415.0,507.93692,414.010254
152.0,417.0,507.813263,413.502289
152.0,420.0,508.199249,413.221313
152.0,421.0,508.658203,414.129517
152.0,423.0,507.91806,413.053223
152.0,424.0,508.243744,412.761108
153.0,396.0,207.486969,158.660797
153.0,397.0,210.154175,163.548309
154.0,397.0,466.537476,338.154846
154.0,401.0,477.603973,322.638794
155.0,398.0,403.782135,220.668457
155.0,401.0,417.07019,215.644608
156.0,405.0,413.580933,74.717529
156.0,406.0,412.740112,74.653938
156.0,407.0,413.208344,74.755203
156.0,409.0,413.194672,74.607437
156.0,410.0,413.005402,74.838814
156.0,411.0,413.183044,74.722145
156.0,414.0,413.362244,74.376495
156.0,418.0,398.496979,56.185547
157.0,405.0,210.688385,216.767487
157.0,408.0,208.648148,209.5392
158.0,409.0,444.630188,13.137054
158.0,411.0,441.289062,9.695518
159.0,409.0,360.297638,198.454422
159.0,412.0,363.737,199.573517
159.0,413.0,358.807709,198.401459
159.0,417.0,373.487091,192.495773
159.0,419.0,371.851227,190.214096
160.0,414.0,394.286835,400.63031
160.0,415.0,394.284851,400.510925
161.0,417.0,404.348785,93.077484
161.0,419.0,404.770386,83.287079
161.0,423.0,392.896912,100.321259
162.0,421.0,277.839752,80.70446
162.0,422.0,279.000366,80.412224
163.0,422.0,396.389038,321.758545
163.0,423.0,397.421967,322.164886
164.0,423.0,205.654831,306.496735
164.0,427.0,213.548218,291.429871
165.0,424.0,331.593872,273.438446
165.0,426.0,330.458557,273.165436
165.0,429.0,331.148865,272.817291
166.0,426.0,470.052612,125.40538
166.0,430.0,481.350586,128.489853
166.0,433.0,470.293945,123.764282
167.0,428.0,459.589386,56.362816
167.0,430.0,459.417358,55.400551
167.0,434.0,469.457489,39.962242
168.0,429.0,424.973511,136.616776
168.0,433.0,429.426514,115.356819
168.0,437.0,434.431885,93.763657
169.0,429.0,508.206055,414.205231
169.0,430.0,507.657562,413.792236
169.0,432.0,508.358978,414.131927
169.0,434.0,508.310272,412.731049
169.0,435.0,508.467377,413.606842
169.0,438.0,508.686157,413.641357
169.0,440.0,508.626678,414.275696
169.0,442.0,508.541443,413.351379
169.0,444.0,509.108093,414.562225
169.0,445.0,508.648834,414.043671
169.0,446.0,508.385468,413.306274
169.0,447.0,507.933899,412.763611
169.0,448.0,508.519684,413.292358
169.0,449.0,508.365662,413.458435
169.0,451.0,509.128754,413.195038
169.0,452.0,508.798004,413.691315
169.0,453.0,508.334656,413.962769
169.0,454.0,508.022858,413.646088
169.0,455.0,508.194214,413.517792
169.0,456.0,508.738678,413.50412
169.0,458.0,508.30365,413.391266
169.0,459.0,507.939972,413.625305
169.0,460.0,507.805817,413.6604
169.0,461.0,507.859589,414.222076
169.0,463.0,507.889832,413.298065
169.0,464.0,506.96286,413.722626
169.0,466.0,508.305389,413.221527
169.0,467.0,508.053009,413.502289
169.0,468.0,508.375427,413.002686
169.0,470.0,508.519806,415.097931
169.0,471.0,508.54068,413.748474
169.0,472.0,508.995209,412.631104
169.0,473.0,508.077759,413.3013
169.0,474.0,508.473206,413.786987
169.0,476.0,508.416382,414.065643
169.0,477.0,508.355377,414.18338
169.0,478.0,507.772705,413.649872
169.0,479.0,507.915985,413.525452
169.0,480.0,507.830963,412.949371
169.0,481.0,508.409088,413.489227
169.0,482.0,507.825531,413.283173
169.0,483.0,507.92627,413.628479
169.0,484.0,508.160797,413.449097
169.0,485.0,507.930695,413.602356
169.0,486.0,508.15036,413.879242
169.0,487.0,508.312897,413.458618
169.0,488.0,509.512451,414.797577
169.0,489.0,508.403442,414.102356
169.0,490.0,508.984161,414.313293
169.0,491.0,509.050659,414.529266
169.0,492.0,508.302673,413.926025
169.0,493.0,507.984161,414.365906
169.0,494.0,507.774994,413.034241
169.0,495.0,507.633301,413.536804
169.0,496.0,507.648376,413.479828
169.0,497.0,508.222351,413.404266
169.0,498.0,508.247253,413.456757
169.0,499.0,508.163269,413.707245
169.0,500.0,507.940399,414.294647
169.0,501.0,508.449493,414.24765
169.0,502.0,508.303375,413.536926
169.0,503.0,508.493683,412.769073
169.0,505.0,507.659821,412.992737
169.0,506.0,508.471832,413.971069
169.0,508.0,507.013275,413.368835
169.0,509.0,508.467072,413.076508
169.0,510.0,508.542053,413.553528
169.0,511.0,508.203369,413.447388
169.0,512.0,508.429688,413.424072
169.0,513.0,507.903564,413.483063
169.0,514.0,507.795746,413.69632
169.0,515.0,508.026978,413.902405
169.0,516.0,508.266571,413.830444
169.0,517.0,507.907166,413.55014
169.0,519.0,508.146545,413.960724
169.0,520.0,509.149475,414.353943
169.0,521.0,508.72464,414.190826
169.0,522.0,508.424316,413.945618
169.0,523.0,507.643402,413.58844
169.0,524.0,508.289429,414.539246
169.0,525.0,507.646515,413.984314
169.0,526.0,508.273743,413.650696
169.0,527.0,508.351135,413.930511
169.0,528.0,508.043182,414.034546
169.0,529.0,507.510498,413.460236
169.0,530.0,508.53894,413.144897
169.0,531.0,508.618591,414.024017
169.0,532.0,508.28537,413.951141
169.0,533.0,508.644836,413.503235
170.0,431.0,497.34845,122.403923
170.0,435.0,487.855682,111.927734
170.0,438.0,488.458374,112.473923
171.0,433.0,353.497589,28.948681
171.0,437.0,330.617523,27.494532
171.0,438.0,330.241486,27.906256
171.0,439.0,330.703583,28.201624
171.0,440.0,330.470062,27.304691
171.0,441.0,330.593628,27.215624
171.0,442.0,330.739014,27.084112
171.0,443.0,330.611115,28.442099
172.0,433.0,327.351257,85.476776
172.0,435.0,331.37619,91.288094
173.0,436.0,493.633453,67.150803
173.0,440.0,509.362671,63.227654
174.0,437.0,264.800201,2.659164
174.0,441.0,246.613297,4.297498
175.0,437.0,467.755463,333.861969
175.0,441.0,466.820404,354.937744
176.0,438.0,243.992905,157.190567
176.0,441.0,238.105927,140.671356
177.0,439.0,323.332123,188.645462
177.0,443.0,320.486481,195.063782
178.0,439.0,437.363617,195.990341
178.0,442.0,426.491608,209.568024
178.0,446.0,404.9216,206.653305
179.0,442.0,463.164337,174.916901
179.0,446.0,471.988098,196.716354
180.0,442.0,161.642807,179.409622
180.0,445.0,151.377335,172.77594
181.0,443.0,498.284485,123.321152
181.0,446.0,498.596771,123.654999
182.0,444.0,433.429657,350.723358
182.0,448.0,430.117004,369.503723
183.0,445.0,417.671234,350.979004
183.0,449.0,407.787659,333.517426
183.0,453.0,424.359802,341.919037
183.0,456.0,423.027283,345.273376
183.0,458.0,423.937653,346.994385
184.0,445.0,410.230621,406.384399
184.0,449.0,427.543854,418.420563
185.0,446.0,238.320221,19.822695
185.0,448.0,237.893402,20.187239
186.0,447.0,414.101562,24.511587
186.0,450.0,413.621765,20.413069
186.0,454.0,409.249969,19.362791
186.0,457.0,420.327789,25.055367
186.0,461.0,420.167908,25.574862
186.0,464.0,431.442139,24.584892
186.0,466.0,420.94342,24.651281
187.0,448.0,355.121185,7.173265
187.0,452.0,341.348358,21.374788
188.0,448.0,337.706268,238.760239
188.0,449.0,337.058014,239.244995
189.0,449.0,431.53064,58.228661
189.0,451.0,434.58139,52.826988
190.0,449.0,423.746246,127.470207
190.0,453.0,438.605927,142.310638
191.0,450.0,372.598541,188.462936
191.0,451.0,369.801636,183.33287
192.0,454.0,337.765839,238.763153
192.0,455.0,337.693268,237.95253
192.0,459.0,343.267792,259.499878
193.0,455.0,504.477814,294.920288
193.0,457.0,506.799835,283.399658
194.0,458.0,434.251801,53.204975
194.0,460.0,435.059662,51.665554
195.0,458.0,254.438004,150.813293
195.0,462.0,258.54126,145.003403
196.0,458.0,460.062408,180.915863
196.0,461.0,469.592804,195.468414
197.0,459.0,401.279968,16.322536
197.0,462.0,404.288208,16.868326
197.0,464.0,404.300507,23.516708
197.0,466.0,403.466766,23.560932
197.0,468.0,405.495667,26.899694
198.0,463.0,454.46524,145.366669
198.0,465.0,454.584473,145.231659
198.0,466.0,454.313538,144.874695
199.0,463.0,495.121552,293.281647
199.0,464.0,495.005371,293.925842
200.0,464.0,455.41687,417.582642
200.0,465.0,458.416321,419.43808
201.0,466.0,306.572479,157.692734
201.0,469.0,314.572479,172.143997
201.0,473.0,296.380768,164.466354
202.0,467.0,444.224792,29.870396
202.0,468.0,443.418152,29.662596
203.0,467.0,434.424133,52.707855
203.0,469.0,434.99585,52.439789
203.0,470.0,432.749084,53.995399
204.0,467.0,453.854187,97.958084
204.0,471.0,454.813782,97.636162
205.0,468.0,232.554672,122.13546
205.0,469.0,232.245743,121.410408
205.0,472.0,220.418442,124.136177
206.0,468.0,441.947235,350.599396
206.0,471.0,435.436584,358.468475
207.0,471.0,266.923096,54.574459
207.0,475.0,256.530731,46.238491
208.0,472.0,452.492981,316.844147
208.0,475.0,454.42807,316.768555
209.0,474.0,389.371277,20.561827
209.0,478.0,404.089355,34.992725
210.0,475.0,295.533539,86.730034
210.0,479.0,299.539062,64.886108
211.0,476.0,510.954865,59.35746
211.0,480.0,509.412292,57.448029
212.0,476.0,428.636047,373.754303
212.0,477.0,428.771088,373.506622
213.0,486.0,436.205139,51.40844
213.0,487.0,434.317444,52.439514
214.0,487.0,255.916824,39.356808
214.0,490.0,263.791565,52.485809
215.0,488.0,324.324615,239.56485
215.0,489.0,324.327484,239.436218
216.0,489.0,436.311432,418.663849
216.0,493.0,428.34256,422.845001
217.0,491.0,478.328217,59.179005
217.0,493.0,471.917419,55.067753
218.0,491.0,211.504807,133.50621
218.0,494.0,210.183014,139.347641
218.0,498.0,203.267441,122.091362
218.0,501.0,210.381439,135.504364
218.0,502.0,206.460846,133.063614
219.0,492.0,459.043457,265.192505
219.0,494.0,469.463745,270.393829
220.0,495.0,216.544998,137.323502
220.0,499.0,209.598923,117.846443
221.0,498.0,403.74762,41.253262
221.0,500.0,401.368713,38.531048
222.0,499.0,323.589783,239.944641
222.0,500.0,324.120209,239.61528
222.0,502.0,325.398926,239.207214
222.0,504.0,323.873474,239.202393
223.0,500.0,495.531647,259.463623
223.0,504.0,484.764465,249.459656
224.0,503.0,435.161804,51.485786
224.0,506.0,435.349762,52.072502
225.0,504.0,463.335144,251.321701
225.0,505.0,462.913208,250.799225
225.0,507.0,463.163879,250.81398
225.0,510.0,463.707458,250.933609
225.0,513.0,462.738861,251.232254
226.0,505.0,406.513672,45.547188
226.0,508.0,407.720795,42.604279
226.0,510.0,403.757629,47.780338
226.0,514.0,419.332367,51.518093
227.0,505.0,354.491943,157.915253
227.0,506.0,353.876984,158.021255
227.0,507.0,354.56311,158.274963
228.0,506.0,467.378876,306.136078
228.0,510.0,457.563141,312.17395
229.0,507.0,442.729218,101.599487
229.0,511.0,444.42511,101.390694
230.0,509.0,295.025635,91.871742
230.0,513.0,283.200195,76.743828
231.0,509.0,445.309021,216.622864
231.0,513.0,445.516174,234.118286
232.0,510.0,262.502899,60.712196
232.0,514.0,268.436188,67.636406
232.0,517.0,265.655609,54.927078
233.0,511.0,325.612427,150.791611
233.0,515.0,319.031219,137.749832
234.0,512.0,324.771027,239.196167
234.0,513.0,323.362671,239.584137
234.0,517.0,324.614594,239.480743
235.0,515.0,37.487003,99.815712
235.0,518.0,26.513409,87.40036
236.0,516.0,396.82373,66.429619
236.0,519.0,407.664886,63.999401
236.0,520.0,407.730133,68.360878
236.0,523.0,409.702423,77.187355
236.0,526.0,416.328003,66.261948
236.0,527.0,415.778687,68.126221
237.0,517.0,405.7276,111.527824
237.0,521.0,384.411377,108.655922
238.0,517.0,379.568024,287.35675
238.0,519.0,379.396515,298.93573
239.0,518.0,362.603485,380.850494
239.0,519.0,365.670227,379.407562
240.0,519.0,403.854584,46.062237
240.0,523.0,380.334259,46.16423
241.0,520.0,306.248108,5.322318
241.0,524.0,298.338837,23.442341
242.0,521.0,415.658203,415.004517
242.0,525.0,431.599304,398.333893
242.0,527.0,442.156006,398.01059
243.0,524.0,191.021591,44.531677
243.0,527.0,192.659653,49.333046
244.0,526.0,445.476227,106.64296
244.0,530.0,428.747467,114.947708
245.0,527.0,351.565002,114.331009
245.0,531.0,343.758667,92.50145
246.0,527.0,476.07962,366.500153
246.0,530.0,475.531372,359.85556
247.0,528.0,494.522339,113.223991
247.0,532.0,504.690674,130.603653
247.0,535.0,510.671204,123.36087
247.0,539.0,508.247681,129.692444
248.0,530.0,400.414978,209.447968
248.0,533.0,414.992462,214.477432
249.0,531.0,248.473358,6.1249
249.0,535.0,248.884659,6.908728
250.0,531.0,503.533325,7.783573
250.0,533.0,505.671265,10.14806
251.0,531.0,439.436096,12.267993
251.0,535.0,454.339661,11.396078
252.0,532.0,368.958282,283.559296
252.0,535.0,367.312225,287.751404
253.0,533.0,316.348236,64.493217
253.0,534.0,315.859894,66.324608
253.0,537.0,317.762238,57.852131
254.0,533.0,405.410645,174.111389
254.0,536.0,404.883881,157.760376
255.0,533.0,370.588593,438.081482
255.0,537.0,365.688202,435.842041
256.0,534.0,324.223572,240.093079
256.0,537.0,310.59613,238.614243
256.0,538.0,311.300079,238.660156
257.0,535.0,510.790527,48.227921
257.0,539.0,487.485077,53.562878
258.0,535.0,342.310577,152.7798
258.0,539.0,335.398926,157.063034
259.0,536.0,355.302856,11.743633
259.0,540.0,339.919922,13.390222
259.0,544.0,349.34726,26.035881
259.0,547.0,341.743835,39.278965
260.0,536.0,440.442719,48.634758
260.0,540.0,436.690369,43.58757
260.0,543.0,434.829254,51.07127
261.0,536.0,440.694336,175.24115
261.0,539.0,455.5849,183.299759
262.0,536.0,326.881012,271.967896
262.0,540.0,335.532806,292.848816
263.0,537.0,413.280121,84.655228
263.0,538.0,412.818085,83.719124
264.0,537.0,291.748047,90.774246
264.0,541.0,288.070038,89.525139
265.0,539.0,507.707153,201.17865
265.0,541.0,506.326416,190.854797
265.0,543.0,509.227722,200.852936
266.0,539.0,421.629333,252.990036
266.0,542.0,422.541595,252.926315
266.0,544.0,422.143829,253.048813
266.0,545.0,421.69397,252.727234
266.0,549.0,412.481262,249.460953
266.0,551.0,413.087158,249.526474
267.0,539.0,442.837921,375.124573
267.0,543.0,444.801514,382.046265
268.0,541.0,386.639618,25.381918
268.0,545.0,372.486084,35.639305
268.0,549.0,378.496277,32.499775
268.0,552.0,389.827667,19.520512
269.0,541.0,412.963318,228.925781
269.0,544.0,405.496063,216.453339
270.0,542.0,384.806122,162.421509
270.0,546.0,404.236633,155.993698
271.0,543.0,413.337219,7.539129
271.0,545.0,415.174652,17.56406
272.0,543.0,460.860626,21.442219
272.0,546.0,469.92868,29.810003
273.0,543.0,261.002167,178.524643
273.0,547.0,259.224396,162.263916
274.0,544.0,325.794098,318.529419
274.0,548.0,329.546844,331.666656
275.0,544.0,371.795166,422.666107
275.0,546.0,361.197083,420.140594
276.0,544.0,267.287872,453.282013
276.0,548.0,278.749023,462.497009
277.0,545.0,475.235046,93.63147
277.0,548.0,479.914673,109.609169
277.0,551.0,475.819641,107.734451
278.0,545.0,310.520477,238.324036
278.0,546.0,309.970856,239.596603
279.0,546.0,414.412964,53.241318
279.0,550.0,395.321381,50.35564
279.0,553.0,396.208649,45.666023
279.0,557.0,415.54776,53.654949
280.0,546.0,281.041748,72.638023
280.0,548.0,292.547211,73.71064
281.0,546.0,205.360153,88.512634
281.0,547.0,209.050003,91.582672
282.0,547.0,420.314606,317.76001
282.0,551.0,426.799194,332.752045
283.0,547.0,159.725845,394.567902
283.0,549.0,162.494583,403.095245
284.0,548.0,435.310303,52.489296
284.0,551.0,441.308014,66.765526
285.0,549.0,298.417725,71.457764
285.0,553.0,292.20575,59.479916
285.0,557.0,288.793854,72.934906
286.0,549.0,369.474915,379.349152
286.0,553.0,387.307709,373.846375
286.0,557.0,364.788605,373.273102
286.0,559.0,362.862793,380.049988
287.0,550.0,390.729828,181.067734
287.0,551.0,386.390778,181.151428
288.0,551.0,227.508636,51.33065
288.0,555.0,243.80687,54.079586
289.0,552.0,397.53714,232.505661
289.0,556.0,385.492279,215.05545
290.0,552.0,411.154724,375.244415
290.0,554.0,403.742645,368.063416
290.0,558.0,391.575073,375.985107
291.0,553.0,237.734619,133.292526
291.0,555.0,235.297272,123.670853
292.0,555.0,490.339081,27.049557
292.0,558.0,479.595551,18.531515
292.0,559.0,477.579437,19.87183
293.0,555.0,490.020569,83.548668
293.0,556.0,490.580627,84.672241
293.0,560.0,491.370239,84.02404
294.0,556.0,324.657288,37.254936
294.0,560.0,337.624146,48.856468
295.0,557.0,435.628204,51.603172
295.0,561.0,446.546997,30.489494
296.0,559.0,336.974884,149.8181
296.0,563.0,349.631287,145.294632
297.0,561.0,429.814087,155.665955
297.0,565.0,428.468475,153.906631
298.0,562.0,423.565796,99.417198
298.0,566.0,430.695129,80.645981
298.0,569.0,421.718933,90.393425
299.0,562.0,356.317688,353.677734
299.0,566.0,352.683807,358.289612
300.0,563.0,434.935455,51.703152
300.0,564.0,434.777954,52.627098
300.0,565.0,435.635895,52.612019
300.0,569.0,439.576324,66.484131
300.0,572.0,434.722443,52.1255
300.0,575.0,435.379547,51.941921
300.0,578.0,434.801453,52.32494
300.0,579.0,434.985199,53.992489
301.0,563.0,398.576691,82.545288
301.0,566.0,386.427856,76.381149
302.0,564.0,215.431641,56.983341
302.0,567.0,228.071899,55.618114
303.0,564.0,450.559753,183.651947
303.0,568.0,443.83429,183.700607
304.0,564.0,354.243286,208.609543
304.0,567.0,341.902466,197.424911
305.0,564.0,325.045288,239.524261
305.0,568.0,333.45343,256.505005
306.0,565.0,337.330688,75.429291
306.0,569.0,327.448547,74.321411
307.0,565.0,489.715149,84.493164
307.0,566.0,489.947632,84.660309
307.0,568.0,490.748474,84.356651
308.0,565.0,426.018341,420.169861
308.0,569.0,410.017242,420.923401
308.0,573.0,426.287323,419.405273
309.0,566.0,426.288544,134.217621
309.0,570.0,430.527161,115.443573
310.0,567.0,384.011047,15.403656
310.0,571.0,372.997864,18.431093
311.0,567.0,338.373138,24.809753
311.0,570.0,347.340912,13.443604
311.0,573.0,348.432739,13.161324
311.0,577.0,348.195618,13.29425
312.0,567.0,497.758179,41.945633
312.0,571.0,494.002594,27.970491
313.0,568.0,485.454956,11.145655
313.0,572.0,502.357239,9.035946
314.0,568.0,349.946259,59.070984
314.0,571.0,357.233582,54.806923
314.0,574.0,343.402832,52.36055
315.0,568.0,271.686584,112.35807
315.0,569.0,270.461273,114.41523
316.0,568.0,369.651215,192.029221
316.0,572.0,358.920105,189.47847
316.0,575.0,347.566406,175.622086
317.0,568.0,364.823029,348.7164
317.0,571.0,364.642273,333.844696
318.0,569.0,324.940552,239.674774
318.0,570.0,324.197052,239.821976
319.0,570.0,412.101074,85.818764
319.0,574.0,414.17392,89.720383
320.0,571.0,306.149353,43.461807
320.0,573.0,306.832489,53.234158
320.0,577.0,286.499634,59.446579
321.0,571.0,348.299103,88.605911
321.0,574.0,341.505219,92.570091
322.0,571.0,479.398987,120.591713
322.0,574.0,494.544159,127.698151
323.0,571.0,222.184723,135.555115
323.0,575.0,202.739746,134.23793
324.0,572.0,352.834961,157.52327
324.0,575.0,339.772949,154.759888
325.0,573.0,500.812592,286.991638
325.0,577.0,500.312073,307.710266
326.0,573.0,368.701813,484.546387
326.0,577.0,385.053375,485.066589
327.0,575.0,324.16449,97.446754
327.0,576.0,324.950348,97.58239
328.0,575.0,352.365173,378.554749
328.0,577.0,355.130157,383.050995
329.0,576.0,333.431641,24.807461
329.0,578.0,331.248016,15.229279
330.0,576.0,255.912735,58.496204
330.0,580.0,267.339294,48.282722
330.0,584.0,283.505554,62.510509
331.0,576.0,90.774681,131.620895
331.0,579.0,95.783691,140.475006
332.0,576.0,420.300873,197.192429
332.0,578.0,428.767029,192.577469
332.0,580.0,432.929382,198.40123
333.0,576.0,312.273285,414.663177
333.0,579.0,301.458618,415.522339
334.0,577.0,285.330261,32.984425
334.0,578.0,285.263275,29.665342
334.0,579.0,284.834747,31.040398
334.0,583.0,284.908783,32.132401
335.0,577.0,277.487854,254.11264
335.0,581.0,296.651459,242.910431
336.0,577.0,486.170044,323.389465
336.0,581.0,488.704132,330.401611
337.0,578.0,363.684753,1.81653
337.0,582.0,360.885376,18.586716
337.0,585.0,348.693848,14.477124
337.0,589.0,349.172638,11.90092
338.0,578.0,464.676453,15.855661
338.0,582.0,477.452301,0.943955
339.0,578.0,473.501831,25.569351
339.0,581.0,469.761078,29.27684
340.0,578.0,493.20639,27.613445
340.0,581.0,489.108032,20.451262
340.0,584.0,494.211517,28.325512
340.0,585.0,494.078613,28.392986
340.0,586.0,494.104858,29.073294
341.0,578.0,177.227936,233.235001
341.0,582.0,172.52359,239.669174
342.0,578.0,324.317963,239.427353
342.0,579.0,324.626648,240.192825
342.0,581.0,324.365082,239.957596
342.0,582.0,325.332886,240.065903
342.0,583.0,324.28598,239.709244
342.0,584.0,323.380219,239.5336
342.0,587.0,325.028534,240.369904
342.0,588.0,324.295563,240.154251
343.0,580.0,335.189056,0.818217
343.0,583.0,341.241699,1.506778
344.0,581.0,401.631012,81.15493
344.0,585.0,401.933502,65.814438
344.0,587.0,403.625977,67.627754
344.0,590.0,404.322937,58.71006
345.0,582.0,448.700653,38.863346
345.0,586.0,434.805725,53.117996
345.0,587.0,434.099121,53.053741
346.0,582.0,470.881775,405.583771
346.0,586.0,459.618561,385.610474
347.0,583.0,344.461182,30.448027
347.0,585.0,337.590881,23.03314
348.0,583.0,478.275513,388.09024
348.0,585.0,471.191498,382.596527
349.0,584.0,106.847946,490.8974
349.0,586.0,107.665794,489.542023
350.0,585.0,344.394012,67.765572
350.0,589.0,326.354401,53.66457
350.0,592.0,329.702515,51.208267
351.0,585.0,442.759857,98.576477
351.0,589.0,451.342834,98.905952
351.0,590.0,451.358154,99.630325
351.0,593.0,457.107178,97.364159
352.0,585.0,416.12027,191.840408
352.0,588.0,402.777283,186.887833
353.0,586.0,421.464752,213.914017
353.0,588.0,424.296173,204.450912
354.0,586.0,490.916687,288.257385
354.0,589.0,502.675446,280.253967
355.0,587.0,462.47702,35.00296
355.0,591.0,453.152313,37.7733
356.0,587.0,353.789398,374.192322
356.0,590.0,353.7901,362.249512
357.0,589.0,382.836273,189.312775
357.0,590.0,382.828674,189.046249
358.0,590.0,337.808472,240.381668
358.0,594.0,324.474243,239.636505
358.0,595.0,325.069214,239.442535
358.0,598.0,324.520142,239.872345
359.0,591.0,293.601044,396.198425
359.0,593.0,294.080414,396.348999
360.0,592.0,458.242859,30.335829
360.0,595.0,473.634552,21.995157
361.0,592.0,295.77359,83.430527
361.0,596.0,275.594025,76.54364
362.0,593.0,322.662506,179.351913
362.0,597.0,328.448578,184.906845
363.0,594.0,502.653961,16.461473
363.0,597.0,509.288544,0.817175
363.0,601.0,509.544586,15.779306
364.0,594.0,496.756714,40.293762
364.0,598.0,488.460846,58.683708
365.0,595.0,494.41275,173.514984
365.0,597.0,493.641693,173.639572
365.0,601.0,491.530701,170.357895
366.0,595.0,419.77475,224.116699
366.0,596.0,420.923981,222.748352
367.0,596.0,443.716949,183.081635
367.0,598.0,442.337463,180.588791
368.0,597.0,386.696472,8.105197
368.0,600.0,374.916534,8.618769
369.0,597.0,348.301636,13.922085
369.0,601.0,365.252045,11.407528
370.0,597.0,377.322083,77.252541
370.0,600.0,369.394226,70.240356
370.0,604.0,373.051544,88.800835
371.0,600.0,368.1203,148.279785
371.0,604.0,388.682831,156.728394
372.0,603.0,405.230835,170.687714
372.0,604.0,404.795074,169.989929
373.0,603.0,421.869934,262.520752
373.0,607.0,432.791351,280.385803
374.0,604.0,470.134308,3.327868
374.0,606.0,470.064514,3.610773
375.0,604.0,454.399506,378.627014
375.0,605.0,455.483002,378.473907
375.0,606.0,455.240723,378.665375
375.0,610.0,460.744965,372.384369
376.0,606.0,412.083038,12.704421
376.0,610.0,398.520538,29.220453
377.0,606.0,386.379974,70.485863
377.0,610.0,365.255066,77.485458
378.0,606.0,368.611755,316.99826
378.0,610.0,371.424896,297.494202
379.0,607.0,498.501862,4.734654
379.0,611.0,489.412292,15.313719
379.0,614.0,486.41217,3.970271
379.0,615.0,486.681061,4.250627
380.0,607.0,348.446747,12.595326
380.0,609.0,347.724976,13.278201
380.0,612.0,355.618561,7.673602
381.0,607.0,482.732086,60.061764
381.0,610.0,469.653717,58.241566
381.0,613.0,477.399353,71.187607
381.0,617.0,456.738068,77.024925
382.0,608.0,449.885223,39.624752
382.0,609.0,445.519287,43.055225
382.0,611.0,443.556458,48.129044
383.0,608.0,434.545746,52.406052
383.0,611.0,434.526917,52.261883
383.0,613.0,434.671417,53.00404
383.0,614.0,434.452576,52.667175
383.0,615.0,434.72226,52.644955
383.0,617.0,436.148102,52.652084
383.0,618.0,435.29068,51.749119
383.0,619.0,433.697723,53.437435
383.0,623.0,435.288635,52.715057
384.0,609.0,356.737274,58.937496
384.0,612.0,346.491638,71.368599
385.0,609.0,409.419861,98.405891
385.0,612.0,395.148956,97.679909
385.0,616.0,404.622742,116.633675
385.0,619.0,390.515686,126.104874
386.0,609.0,364.367371,286.373962
386.0,613.0,351.353821,271.21109
387.0,609.0,492.301666,317.840179
387.0,612.0,505.501678,309.746185
388.0,610.0,490.26532,113.696259
388.0,612.0,496.070312,106.128067
388.0,614.0,494.351562,94.574287
389.0,612.0,475.920288,83.853317
389.0,616.0,457.201141,77.46904
390.0,612.0,364.309875,381.198578
390.0,614.0,363.572357,383.280365
391.0,612.0,373.362122,401.030884
391.0,615.0,358.288635,399.846527
392.0,613.0,395.68277,200.586868
392.0,617.0,396.470978,203.679352
392.0,618.0,397.406464,203.701248
393.0,614.0,429.457123,87.204369
393.0,618.0,430.781433,103.951141
394.0,614.0,432.342072,396.554413
394.0,617.0,439.447113,412.79303
395.0,616.0,262.545074,39.593025
395.0,619.0,262.638519,50.346981
396.0,616.0,197.21312,71.012558
396.0,618.0,188.414368,73.256264
397.0,616.0,176.726639,81.485062
397.0,619.0,164.827423,76.10955
397.0,621.0,168.640915,80.686363
398.0,616.0,464.459839,154.995193
398.0,620.0,457.733826,135.4832
399.0,616.0,414.21994,341.542816
399.0,620.0,414.213562,343.673492
400.0,616.0,419.609375,399.031769
400.0,620.0,405.754364,400.526306
401.0,619.0,444.497589,149.688919
401.0,623.0,431.170715,163.610718
402.0,620.0,140.594254,119.20237
402.0,624.0,117.51786,113.80497
403.0,620.0,426.172577,233.452209
403.0,622.0,425.680542,233.70433
403.0,623.0,426.682434,233.042648
404.0,620.0,324.076965,239.464569
404.0,622.0,324.275574,239.235718
405.0,620.0,385.237152,278.547028
405.0,621.0,385.798889,278.191833
406.0,620.0,361.217896,315.477997
406.0,624.0,375.741364,329.458649
407.0,621.0,348.271179,13.342347
407.0,622.0,348.518219,13.525471
408.0,621.0,388.76062,252.892395
408.0,622.0,390.731842,250.147247
409.0,623.0,91.507675,187.526825
409.0,627.0,85.926453,170.093658
410.0,623.0,377.023102,458.193756
410.0,627.0,368.481018,453.052765
411.0,624.0,458.357239,76.20726
411.0,627.0,455.646942,72.509865
412.0,625.0,397.314117,54.21212
412.0,627.0,404.698425,53.143101
413.0,625.0,488.194031,260.665314
413.0,628.0,488.05719,259.976654
414.0,626.0,490.852112,27.805431
414.0,630.0,501.910706,42.884331
415.0,626.0,212.260437,80.156937
415.0,630.0,217.070312,76.011566
416.0,626.0,393.08902,97.491074
416.0,630.0,412.031525,84.677597
417.0,627.0,316.213226,42.819668
417.0,631.0,312.772186,62.856232
418.0,627.0,271.744568,373.580353
418.0,629.0,282.228058,377.178131
419.0,628.0,511.170776,121.704979
419.0,632.0,508.757812,120.548538
419.0,634.0,504.797729,112.640472
420.0,628.0,365.740967,132.512543
420.0,632.0,360.420349,152.194183
421.0,629.0,379.716919,139.533569
421.0,633.0,369.619415,124.322189
421.0,634.0,365.25647,123.935005
422.0,629.0,392.253235,400.902008
422.0,632.0,393.255096,400.002747
423.0,630.0,348.286438,13.132324
423.0,631.0,348.318359,13.321427
423.0,632.0,348.339966,13.205752
423.0,635.0,347.203156,13.426512
423.0,639.0,351.646729,6.469508
424.0,630.0,441.404724,43.253223
424.0,631.0,441.409241,43.203148
424.0,632.0,438.357452,43.670521
424.0,636.0,435.846802,51.651501
424.0,640.0,435.559082,52.51395
424.0,642.0,434.696198,53.54092
424.0,643.0,434.593262,52.833843
425.0,630.0,380.353394,64.625717
425.0,634.0,374.429901,80.475037
426.0,630.0,485.32724,176.326431
426.0,634.0,486.161102,176.636932
426.0,635.0,485.754425,176.484421
426.0,636.0,485.834503,175.840164
426.0,640.0,489.92041,172.270432
427.0,630.0,460.224518,241.11969
427.0,633.0,458.695465,238.644012
428.0,631.0,483.279083,337.554291
428.0,634.0,493.179779,346.149567
429.0,633.0,334.339844,72.170479
429.0,637.0,320.793182,85.055428
430.0,633.0,348.055115,117.05838
430.0,637.0,338.325256,106.381317
430.0,641.0,346.648438,95.837677
431.0,633.0,338.971497,356.185333
431.0,637.0,350.137787,376.94693
432.0,634.0,411.980255,58.506599
432.0,635.0,414.461792,60.556683
433.0,635.0,415.487366,136.261902
433.0,639.0,398.185944,138.637955
434.0,635.0,443.685089,384.142029
434.0,638.0,440.301514,397.318542
434.0,642.0,445.208588,381.819092
434.0,645.0,433.631409,384.613861
435.0,635.0,224.100739,508.136322
435.0,639.0,223.660904,510.516541
436.0,636.0,167.544693,9.72712
436.0,640.0,160.228378,30.633266
436.0,644.0,138.798813,36.57357
437.0,636.0,388.479767,10.561398
437.0,639.0,399.336853,11.832116
437.0,642.0,414.13443,16.560448
438.0,636.0,447.433777,31.380297
438.0,638.0,451.452362,40.783794
439.0,636.0,103.46328,160.420013
439.0,638.0,98.993279,159.877182
440.0,636.0,510.64386,310.807465
440.0,640.0,487.610413,304.443176
441.0,637.0,502.671814,76.637451
441.0,641.0,499.646881,76.781616
442.0,637.0,457.601044,330.88266
442.0,639.0,456.667511,333.781281
443.0,638.0,508.637177,19.747059
443.0,639.0,510.779266,22.330553
444.0,638.0,259.663391,241.675278
444.0,641.0,258.226318,239.271881
445.0,639.0,425.378235,86.549446
445.0,643.0,431.200104,70.710693
446.0,639.0,412.793945,110.879532
446.0,643.0,399.822723,119.757332
447.0,639.0,432.60083,265.828369
447.0,640.0,434.628815,270.186188
448.0,639.0,402.296356,420.774292
448.0,641.0,401.623657,410.50705
448.0,645.0,393.349579,413.022949
449.0,640.0,324.924255,239.521591
449.0,644.0,324.647644,239.423523
450.0,640.0,486.484924,244.940903
450.0,644.0,471.554474,235.311234
450.0,647.0,484.763123,225.81459
451.0,642.0,275.40802,155.260239
451.0,644.0,265.557098,158.243408
451.0,647.0,277.164551,151.236298
451.0,649.0,278.157806,157.176147
452.0,642.0,346.861389,354.218811
452.0,646.0,338.496155,347.519684
453.0,643.0,424.271423,417.978516
453.0,647.0,429.24585,423.626282
454.0,644.0,412.042847,492.389435
454.0,645.0,411.696808,494.767883
455.0,645.0,294.6828,143.459259
455.0,646.0,294.364807,143.301987
456.0,645.0,511.002411,395.459747
456.0,648.0,494.447998,394.383026
457.0,645.0,299.441376,456.166351
457.0,649.0,284.295929,449.029358
457.0,653.0,284.01181,448.920776
458.0,646.0,346.767609,107.386658
458.0,647.0,349.449982,105.969185
459.0,646.0,424.870575,264.795013
459.0,647.0,425.095734,264.809357
460.0,646.0,283.65921,450.048645
460.0,647.0,283.763763,450.849792
461.0,647.0,389.867035,33.966377
461.0,649.0,385.382568,31.26663
462.0,647.0,310.437317,70.099625
462.0,651.0,316.945496,77.314629
463.0,647.0,426.521545,123.492714
463.0,651.0,426.443756,125.432732
464.0,647.0,448.829956,509.240875
464.0,651.0,450.548187,495.39682
465.0,648.0,289.574615,120.356949
465.0,649.0,289.209961,120.450157
466.0,648.0,443.320892,201.150177
466.0,649.0,443.56366,201.655914
467.0,650.0,267.47052,231.892319
467.0,651.0,267.315338,232.454926
468.0,650.0,324.625519,238.921707
468.0,652.0,323.984253,239.670319
468.0,655.0,324.55835,239.92572
468.0,656.0,324.233154,239.656265
468.0,658.0,325.215027,240.010056
468.0,659.0,323.578278,239.983017
468.0,661.0,325.353241,240.607803
469.0,650.0,397.919006,289.228088
469.0,653.0,391.59549,281.215027
470.0,651.0,270.255035,18.583429
470.0,654.0,267.078125,0.9945
470.0,658.0,255.878693,1.716747
471.0,652.0,463.502502,23.380674
471.0,654.0,462.274017,30.642509
471.0,658.0,457.393311,49.536732
471.0,662.0,435.662109,51.78352
471.0,664.0,435.455902,51.973831
471.0,666.0,433.961731,53.092876
471.0,668.0,435.46756,51.585011
471.0,669.0,435.441803,52.156876
471.0,670.0,434.753693,53.263905
472.0,652.0,511.136749,23.477213
472.0,655.0,500.651672,26.936007
472.0,657.0,510.26886,23.716768
472.0,660.0,501.464935,32.78059
473.0,652.0,363.616791,192.337814
473.0,653.0,363.580719,190.737961
474.0,652.0,321.476654,379.321533
474.0,656.0,322.888031,377.558563
475.0,653.0,429.679718,108.883621
475.0,657.0,439.162659,110.562035
475.0,661.0,422.425995,121.544106
476.0,653.0,487.148407,132.723251
476.0,656.0,486.920166,144.068466
476.0,657.0,486.797913,142.578369
476.0,661.0,487.185883,143.872604
477.0,653.0,402.944214,311.13913
477.0,657.0,390.468384,316.951996
478.0,654.0,138.211731,87.360344
478.0,656.0,136.283417,84.501602
478.0,659.0,148.382462,91.614647
478.0,661.0,138.827835,88.523628
479.0,654.0,391.503967,174.554764
479.0,658.0,396.629547,188.675171
479.0,660.0,404.150269,186.624054
479.0,662.0,396.67569,180.208542
480.0,655.0,274.550262,26.432882
480.0,659.0,272.992157,6.236366
481.0,656.0,436.343353,51.769875
481.0,660.0,434.651367,52.045204
482.0,656.0,255.416916,132.798691
482.0,660.0,265.160522,152.314407
482.0,664.0,260.207642,130.566086
482.0,665.0,262.390564,133.356583
483.0,656.0,511.074951,386.420319
483.0,659.0,511.024902,396.655762
484.0,657.0,500.070007,67.72892
484.0,659.0,506.193817,73.448662
484.0,663.0,501.218567,82.235733
485.0,657.0,493.050232,218.610458
485.0,661.0,482.232605,198.648834
486.0,657.0,431.631195,395.420197
486.0,660.0,432.319458,395.582611
486.0,664.0,431.943939,413.382629
487.0,658.0,484.289368,5.82863
487.0,662.0,505.808655,15.342102
488.0,659.0,362.515747,86.433067
488.0,662.0,377.470825,92.502182
489.0,659.0,401.130707,113.758873
489.0,662.0,413.781189,123.176277
490.0,659.0,410.903198,385.172607
490.0,661.0,413.433136,384.468292
491.0,660.0,414.816315,68.510132
491.0,664.0,410.582581,88.536369
492.0,660.0,506.434753,102.426842
492.0,663.0,505.730164,97.777039
492.0,665.0,503.396332,93.342079
493.0,660.0,392.939819,143.425598
493.0,663.0,395.252747,148.829498
494.0,660.0,243.189301,151.473312
494.0,661.0,242.75853,150.420746
495.0,660.0,313.363739,165.672241
495.0,664.0,299.210388,158.5961
496.0,660.0,428.441162,381.177032
496.0,664.0,442.970062,392.994354
497.0,661.0,356.559998,338.526459
497.0,664.0,363.221466,333.716797
498.0,661.0,364.861908,342.696533
498.0,663.0,363.475037,336.30899
499.0,662.0,265.107605,171.337433
499.0,663.0,262.70105,171.276459
499.0,667.0,271.90567,156.463562
500.0,662.0,399.312195,209.66716
500.0,666.0,380.48938,204.591248
501.0,662.0,486.325317,430.987915
501.0,664.0,495.395294,431.790039
502.0,663.0,392.52356,287.809662
502.0,667.0,368.634247,287.50061
502.0,669.0,370.606476,296.436951
503.0,663.0,273.161316,337.809906
503.0,667.0,253.126022,344.946228
504.0,664.0,392.33786,413.612518
504.0,667.0,396.975555,410.362732
505.0,665.0,267.201141,43.716522
505.0,667.0,275.961426,46.029667
506.0,665.0,310.478668,100.330376
506.0,667.0,315.223114,92.738487
506.0,670.0,313.390778,88.504448
507.0,665.0,460.33017,213.608749
507.0,668.0,466.668274,220.493881
507.0,672.0,487.132263,218.133942
508.0,666.0,369.568268,255.626511
508.0,669.0,380.420776,252.054703
509.0,666.0,243.264984,392.97403
509.0,669.0,250.525558,400.598572
510.0,667.0,298.744781,82.286621
510.0,670.0,294.898529,69.425476
511.0,667.0,324.530945,239.53476
511.0,668.0,324.500427,240.088242
512.0,668.0,438.366638,79.723297
512.0,672.0,427.6026,87.43354
513.0,668.0,494.953522,129.64502
513.0,671.0,499.532013,120.632751
514.0,668.0,346.524811,154.620987
514.0,672.0,338.361786,137.605469
515.0,668.0,253.774521,279.022705
515.0,672.0,252.231552,275.028656
516.0,668.0,363.316315,384.800873
516.0,671.0,362.079712,382.433075
517.0,670.0,454.059998,339.349213
517.0,673.0,455.093567,334.319214
518.0,671.0,314.626282,185.162415
518.0,675.0,311.108887,166.134521
519.0,672.0,152.054718,99.700615
519.0,675.0,137.919937,93.949677
520.0,672.0,272.042969,163.808578
520.0,676.0,285.559418,164.235046
521.0,672.0,381.100952,403.638611
521.0,676.0,390.372314,393.779388
522.0,673.0,366.559021,128.380661
522.0,677.0,380.828064,129.291672
522.0,679.0,377.07547,127.859642
523.0,674.0,388.603729,41.406616
523.0,678.0,379.76413,20.677534
524.0,674.0,395.382751,95.752281
524.0,677.0,394.235718,101.388535
525.0,675.0,355.309906,24.68367
525.0,676.0,355.24707,24.357105
525.0,678.0,350.796936,21.38249
526.0,676.0,451.955139,361.170593
526.0,680.0,459.425873,365.966095
527.0,677.0,241.3246,77.959801
527.0,679.0,243.856979,70.018463
528.0,677.0,462.690948,296.1185
528.0,681.0,470.33017,303.247009
529.0,678.0,435.69809,52.380558
529.0,679.0,434.633575,53.417938
529.0,680.0,435.337738,52.01054
529.0,682.0,434.974701,51.660793
529.0,685.0,435.677277,51.239632
529.0,686.0,434.969543,52.55069
529.0,687.0,434.987488,52.692905
529.0,689.0,434.424225,52.942764
529.0,691.0,434.399017,53.278236
529.0,694.0,434.456573,52.619034
529.0,695.0,434.405762,52.342682
529.0,697.0,435.271851,51.428726
529.0,699.0,434.528931,52.205051
529.0,701.0,435.394348,51.677708
529.0,704.0,426.721985,36.344448
529.0,708.0,435.700378,52.390186
529.0,709.0,434.608154,53.115147
529.0,710.0,435.909332,52.287998
529.0,711.0,434.99353,52.416996
529.0,714.0,434.538361,52.674297
529.0,715.0,434.995361,51.416225
529.0,717.0,428.646545,42.181831
530.0,679.0,459.23468,31.925613
530.0,682.0,472.422729,23.217989
531.0,679.0,277.329102,87.071602
531.0,683.0,287.093109,77.421089
532.0,679.0,355.735748,91.955498
532.0,682.0,359.614746,97.281525
532.0,686.0,354.582794,86.206772
532.0,690.0,343.961517,77.956688
533.0,679.0,363.795166,335.50946
533.0,683.0,342.553406,344.554535
534.0,680.0,324.955933,239.751358
534.0,683.0,324.633057,239.714844
534.0,685.0,323.969971,239.510849
534.0,686.0,324.362549,239.47757
534.0,688.0,325.909302,238.597046
535.0,681.0,271.871002,45.814262
535.0,683.0,265.377228,52.926224
536.0,682.0,507.747223,67.274162
536.0,683.0,507.133698,64.708633
536.0,687.0,499.529846,81.017418
537.0,682.0,499.918976,80.661659
537.0,685.0,500.509949,81.341965
538.0,682.0,353.116882,132.743423
538.0,685.0,346.73291,131.918991
538.0,686.0,346.791016,133.358032
539.0,682.0,142.362213,133.695999
539.0,684.0,131.265213,131.453445
540.0,683.0,349.053375,6.818624
540.0,687.0,347.485199,13.395392
540.0,689.0,347.61673,1.845915
541.0,685.0,315.907135,128.360092
541.0,688.0,310.556458,112.392166
542.0,685.0,259.544403,139.004333
542.0,689.0,242.284332,150.412079
543.0,685.0,318.956512,410.100983
543.0,689.0,341.439697,408.514282
543.0,692.0,331.539154,399.300262
544.0,686.0,289.267944,2.642426
544.0,688.0,289.617676,3.165828
544.0,689.0,289.568268,3.448078
544.0,692.0,290.34491,3.01004
544.0,693.0,289.390411,3.62701
544.0,694.0,289.51355,3.231658
545.0,688.0,392.164795,6.246117
545.0,692.0,387.29538,26.358185
546.0,688.0,456.819336,13.406936
546.0,691.0,459.203156,0.962685
546.0,694.0,443.415466,0.772933
547.0,688.0,454.370148,267.742645
547.0,691.0,466.552155,262.727966
548.0,689.0,345.532654,358.918365
548.0,693.0,325.22876,348.92157
549.0,690.0,478.410278,118.405151
549.0,694.0,469.860992,125.630402
550.0,690.0,394.017578,433.486206
550.0,694.0,382.136139,448.455261
551.0,691.0,331.041534,30.050621
551.0,693.0,323.184021,27.273489
552.0,691.0,433.401947,395.404694
552.0,694.0,421.310516,398.751862
553.0,692.0,465.22229,50.76236
553.0,696.0,484.576752,49.436256
554.0,693.0,306.960754,109.376503
554.0,695.0,315.443756,103.911087
555.0,694.0,324.665741,239.895386
555.0,698.0,324.350525,239.745316
555.0,699.0,324.467194,239.861893
555.0,701.0,323.98587,239.743057
556.0,695.0,473.611786,2.563066
556.0,699.0,463.467499,10.704318
556.0,701.0,471.658234,15.557489
556.0,703.0,464.390411,18.727629
557.0,695.0,345.984955,153.811035
557.0,699.0,340.433105,140.230011
558.0,695.0,247.063446,217.304047
558.0,696.0,244.937088,212.249374
559.0,696.0,167.49939,9.065075
559.0,700.0,168.628143,18.865044
560.0,697.0,365.742279,11.825809
560.0,701.0,383.411743,7.19395
561.0,697.0,328.705048,145.132019
561.0,701.0,328.057495,158.078262
562.0,699.0,372.381592,110.366745
562.0,700.0,373.465881,111.647659
562.0,702.0,384.555145,114.475098
562.0,703.0,382.345367,109.363976
562.0,704.0,379.971893,108.221909
562.0,705.0,379.3396,108.327324
562.0,706.0,376.152893,107.8451
563.0,700.0,483.978119,173.45871
563.0,703.0,484.101959,171.457657
563.0,707.0,475.75708,185.499786
564.0,700.0,474.534058,185.901901
564.0,701.0,474.12326,185.792236
565.0,701.0,384.389252,173.153427
565.0,704.0,385.718689,173.742645
565.0,706.0,391.217499,182.380035
566.0,701.0,333.038025,187.596634
566.0,705.0,341.40509,197.053284
567.0,702.0,399.701294,82.245972
567.0,704.0,403.258453,91.375397
568.0,704.0,479.645508,63.621021
568.0,705.0,477.113739,65.730843
569.0,705.0,509.273682,95.830467
569.0,708.0,499.549835,95.054214
570.0,707.0,440.340851,146.408722
570.0,711.0,427.24704,159.966309
571.0,707.0,253.477249,254.350555
571.0,709.0,262.46933,262.109711
572.0,707.0,238.724487,309.555939
572.0,711.0,252.236542,301.941772
573.0,708.0,490.263733,319.53302
573.0,711.0,492.66861,329.536987
574.0,710.0,428.434692,99.122932
574.0,713.0,424.600464,86.504143
574.0,715.0,418.624512,79.047142
575.0,710.0,325.088654,239.679871
575.0,714.0,324.329681,239.421112
575.0,717.0,323.769409,239.15036
576.0,710.0,385.077576,313.547516
576.0,711.0,384.40686,313.701172
576.0,713.0,384.326416,312.494019
577.0,710.0,327.31955,404.593384
577.0,714.0,350.348938,408.207703
578.0,710.0,511.024139,411.569611
578.0,713.0,508.631134,399.52298
579.0,711.0,502.227631,144.68721
579.0,714.0,490.795502,137.580704
580.0,712.0,322.704956,36.4137
580.0,716.0,323.262604,24.228552
581.0,713.0,491.288757,158.83812
581.0,716.0,491.452393,164.384125
582.0,714.0,399.619049,79.566551
582.0,717.0,399.921051,78.285866
583.0,714.0,465.742035,128.778168
583.0,717.0,468.235168,112.629005
584.0,714.0,438.728363,413.410492
584.0,718.0,424.332581,416.73819
585.0,715.0,475.444244,86.588936
585.0,719.0,477.183716,82.600517
586.0,715.0,426.611969,129.950302
586.0,716.0,426.609375,127.130547
587.0,715.0,377.309631,300.333862
587.0,719.0,359.094635,287.650696
588.0,716.0,448.68689,5.286997
588.0,718.0,458.88858,4.587204
589.0,716.0,434.982361,350.509216
589.0,719.0,418.341949,351.277191
590.0,716.0,429.410065,424.374023
590.0,718.0,433.763611,428.395233
591.0,717.0,367.644409,56.710896
591.0,718.0,368.614197,57.401215
591.0,721.0,360.722321,52.614819
591.0,725.0,371.52597,63.266739
591.0,728.0,377.763458,77.511757
592.0,717.0,327.434662,379.092804
592.0,719.0,328.649872,374.631653
593.0,719.0,268.47171,257.032379
593.0,723.0,291.033386,253.386246
593.0,726.0,300.055206,240.768311
594.0,720.0,277.717896,259.650116
594.0,722.0,288.968964,255.004578
595.0,720.0,279.32196,261.179199
595.0,722.0,288.58725,258.19278
596.0,721.0,384.549011,172.450256
596.0,724.0,390.490326,188.006683
596.0,725.0,391.272278,187.903717
596.0,726.0,390.653198,187.599106
597.0,721.0,505.167877,255.495239
597.0,725.0,504.56601,249.883011
598.0,722.0,511.043365,123.753021
598.0,726.0,491.710266,133.486053
599.0,723.0,435.167358,52.001007
599.0,724.0,434.456818,52.118439
599.0,727.0,434.671173,52.619705
599.0,728.0,434.656219,52.552246
599.0,730.0,434.447113,51.715157
599.0,731.0,434.782562,52.541759
599.0,732.0,434.260101,52.77784
599.0,734.0,433.748718,52.646122
599.0,735.0,434.205505,51.994354
599.0,739.0,425.983948,30.571218
600.0,723.0,407.809937,127.456207
600.0,727.0,398.668915,143.585571
600.0,729.0,398.528992,143.62645
601.0,724.0,282.709625,25.683542
601.0,728.0,296.709564,14.651708
602.0,724.0,406.284607,36.920795
602.0,727.0,415.794647,32.139694
603.0,724.0,423.257507,344.006134
603.0,727.0,422.137817,340.671112
604.0,725.0,500.35733,90.62738
604.0,729.0,508.51355,73.089119
605.0,726.0,427.2659,109.426132
605.0,729.0,424.360199,101.581863
606.0,728.0,325.706635,183.364685
606.0,730.0,332.198761,187.558929
607.0,728.0,500.341827,210.390839
607.0,730.0,511.281403,206.033447
608.0,730.0,398.975525,14.991605
608.0,734.0,414.6763,32.164707
608.0,738.0,401.487457,42.713272
609.0,730.0,451.869049,108.092636
609.0,734.0,462.026337,125.196724
609.0,736.0,450.739716,123.084824
610.0,730.0,419.532288,384.785217
610.0,733.0,418.201263,401.204315
611.0,730.0,500.24411,446.447906
611.0,734.0,507.361298,425.731384
612.0,731.0,395.559265,47.679863
612.0,735.0,416.657928,58.321186
613.0,731.0,469.834229,386.10553
613.0,735.0,449.127808,379.925323
614.0,731.0,394.279266,397.644073
614.0,735.0,402.743896,412.480347
615.0,731.0,416.673492,489.538727
615.0,735.0,436.969818,481.318726
616.0,732.0,494.465302,108.576218
616.0,733.0,493.068085,114.095055
616.0,736.0,483.53833,113.993988
617.0,732.0,255.730377,119.093811
617.0,735.0,244.726242,116.299278
618.0,733.0,227.467514,45.789108
618.0,735.0,228.530716,51.190239
619.0,733.0,511.130402,131.135849
619.0,736.0,504.420166,132.225052
620.0,733.0,394.52951,323.255737
620.0,736.0,385.454712,335.170776
620.0,738.0,394.148712,336.400543
621.0,734.0,323.983032,239.699738
621.0,735.0,324.249664,239.624893
621.0,736.0,324.548828,239.701538
622.0,734.0,351.760284,378.240845
622.0,737.0,338.979523,389.426331
622.0,741.0,334.309753,395.522858
623.0,735.0,348.191223,13.391137
623.0,739.0,329.486542,27.435822
624.0,735.0,284.531616,22.363462
624.0,736.0,284.73642,23.29958
625.0,735.0,458.595886,66.549286
625.0,737.0,463.6203,63.702087
626.0,735.0,351.722809,177.356171
626.0,739.0,347.567474,187.042938
626.0,743.0,357.227264,201.27327
627.0,737.0,302.564941,201.33934
627.0,738.0,302.704926,198.618271
628.0,737.0,404.334015,356.77005
628.0,740.0,411.125305,371.535248
629.0,737.0,501.298309,506.205597
629.0,738.0,499.30072,510.467316
630.0,738.0,496.483521,54.711773
630.0,740.0,495.023621,59.231613
631.0,738.0,270.417969,119.48822
631.0,742.0,253.864319,102.398682
632.0,739.0,346.838318,122.51255
632.0,742.0,338.063629,108.448021
633.0,739.0,474.799988,250.544205
633.0,743.0,483.506195,260.370209
633.0,746.0,469.210693,252.858704
634.0,739.0,422.335846,261.235779
634.0,743.0,431.169464,239.656937
635.0,740.0,372.614899,52.986778
635.0,744.0,364.74765,47.261974
636.0,740.0,294.736267,129.585495
636.0,744.0,297.379639,132.947815
637.0,740.0,461.511353,153.491684
637.0,743.0,457.498901,168.991119
638.0,740.0,315.275543,365.177979
638.0,743.0,317.336334,377.755554
638.0,744.0,317.9776,378.137146
638.0,746.0,311.912048,385.069214
639.0,741.0,317.289734,378.473907
639.0,742.0,317.288635,378.648712
640.0,742.0,484.325104,99.646576
640.0,746.0,493.978455,113.446564
640.0,748.0,501.94339,111.967667
641.0,742.0,349.078156,104.141876
641.0,744.0,348.416718,115.145714
641.0,745.0,348.826141,115.468826
641.0,749.0,361.206573,97.178017
641.0,750.0,361.317535,97.549759
642.0,742.0,374.461761,289.361847
642.0,746.0,393.252808,281.256561
643.0,743.0,429.605194,73.421021
643.0,747.0,424.322266,74.729446
644.0,743.0,377.336029,165.605774
644.0,746.0,369.270172,161.308563
645.0,743.0,323.365326,239.762115
645.0,747.0,324.717163,239.339218
646.0,744.0,495.828522,252.542709
646.0,747.0,497.035645,251.591675
647.0,745.0,496.465546,26.002459
647.0,749.0,511.271515,27.577061
648.0,745.0,495.84494,190.34494
648.0,746.0,496.103577,189.728958
648.0,750.0,511.006866,173.292603
649.0,746.0,440.028717,113.499016
649.0,749.0,453.169067,112.335098
650.0,746.0,475.312317,176.69957
650.0,750.0,469.699432,173.95137
651.0,747.0,475.09848,13.31645
651.0,750.0,473.362335,0.850564
651.0,752.0,479.482025,0.939982
652.0,747.0,397.636719,72.899246
652.0,749.0,392.217651,62.723274
653.0,748.0,429.191284,69.7976
653.0,752.0,435.367004,52.305538
654.0,748.0,349.902283,364.388092
654.0,752.0,360.080536,349.673737
655.0,748.0,417.211578,475.241425
655.0,752.0,418.551117,475.227844
656.0,749.0,405.421722,193.30777
656.0,750.0,405.659363,194.345856
656.0,751.0,405.659149,193.575394
656.0,752.0,405.306915,194.421265
